HRIS_code,資金來源,地區,服務類別,單位類別1,單位類別2,單位類別3,組別 / 單位,地址,電郵,電話 (Fax no.),主任 / 負責人,主任電郵,成立日期(命名日期),服務名額,服務年齡/面積 (平方米),備註
F-BABIES,社署資助,香港,綜合家庭服務,兒童住宿服務,兒童住宿服務,嬰兒組,"嬰兒組
Babies Section","香港銅鑼灣禮頓道66號
66 Leighton Road, Causeway Bay, H.K.",babies@poleungkuk.org.hk,"2277 8613
(2576 8755)","鄺佩儀
Teresa Kwong",teresa.kwong@poleungkuk.org.hk,1878,55 (男女),0-3歲,註冊日期：1978
F-KINDER,社署資助,香港,綜合家庭服務,兒童住宿服務,兒童住宿服務,幼童組,"幼童組
Kinder Section","香港銅鑼灣禮頓道66號
66 Leighton Road, Causeway Bay, H.K.",kinder@poleungkuk.org.hk,"2277 8440
(2577 7380)","曾佩雯
Grace Tsang",grace.tsang@poleungkuk.org.hk,1878,53 (男女),3-6歲,註冊日期：21.11.1981
F-CHILD,社署資助,香港,綜合家庭服務,兒童住宿服務,兒童住宿服務,兒童組,"兒童組
Children Section","香港銅鑼灣禮頓道66號
66 Leighton Road, Causeway Bay, H.K.",children@poleungkuk.org.hk,"2277 8171
(2504 1316)","曾詠恩
Chrisitine Tsang",wingyan.tsang@poleungkuk.org.hk,1878,136 (男女),6-18歲,-
F-LCSP,自資,香港,綜合家庭服務,家庭及兒童中心,社區服務中心,劉陳小寶家庭及兒童綜合服務中心,"劉陳小寶家庭及兒童綜合服務中心
Lau Chan Siu Po Family and Children Integrated Services Centre","香港銅鑼灣禮頓道66號
66 Leighton Road, Causeway Bay, H.K.",fcs@poleungkuk.org.hk,"2277 8274
(2882 5594)",待聘,-,30.3.2005,不限,不限,-
F-NEWCOM,社署資助,香港,綜合家庭服務,兒童住宿服務,兒童住宿服務,新生家,"新生家
New Comers' Ward","香港銅鑼灣禮頓道66號
66 Leighton Road, Causeway Bay, H.K.",newcomers@poleungkuk.org.hk,"2277 8175
(2881 1810)","廖建容
Tramy Liu",kinyung.liu@poleungkuk.org.hk,-,75 (男女),0-18歲,"社署正式編制
1.4.1977"
F-NEWC-CS,社署資助,新界,綜合家庭服務,兒童住宿服務,兒童住宿服務,新生家 (秦石),"新生家 (秦石)
New Comers' Ward (Chun Shek)","新界沙田秦石邨石暉樓地下1號
No. 1, G/F, Chun Shek Estate, Shatin, N.T.",ncwchunshek@poleungkuk.org.hk,"2608 1234
(2608 1515)","廖建容
Tramy Liu",kinyung.liu@poleungkuk.org.hk,8.12.2008,20 (男女),6-18歲[@[服務年齡/面積 (平方米)]],-
F-SUNNY,社署資助,九龍,綜合家庭服務,兒童住宿服務,兒童住宿服務,悦兒家,"悦兒家
Sunny Bliss Home","九龍觀塘翠屏南邨翠杭樓地下A及B翼
Wing A & B, G/F, Tsui Hon House, Tsui Ping (South) Estate, Kwun Tong, Kowloon",sunnybliss@poleungkuk.org.hk,"3848 7588
(3590 6701)",待聘,-,31.12.2025,48 (男女),3-6歲,註冊日期：31.12.2025
F-SGH,社署資助,香港,綜合家庭服務,兒童住宿服務,兒童住宿服務,兒童之家 (辦事處),"兒童之家 (辦事處)
Small Group Homes (Office)","香港銅鑼灣禮頓道66號
66 Leighton Road, Causeway Bay, H.K.",sgh@poleungkuk.org.hk,"2277 8195
(2504 2985)


2277 8653
(2504 2985)","主任 (1)
楊秀萍
Lauren Yeung

主任 (2)
何啟銘
Ming Ho","lauren.yeung@poleungkuk.org.hk



ming.km.ho@poleungkuk.org.hk",-,-,-,-
F-SGH-SKM,社署資助,九龍,綜合家庭服務,兒童住宿服務,兒童住宿服務, *石硤尾兒童之家," *石硤尾兒童之家
Shek Kip Mei Small Group Home
(*另提供緊急/短期兒童之家住宿服務，16間家舍名額合共10個。 )","九龍深水埗石硤尾邨二十四座211-214室
Flat 211-214, Block 24, Shek Kip Mei Estate, Shamshuipo, Kowloon",skmsgh@poleungkuk.org.hk,2776 9352,待聘,-,15.11.1984,8 (女),4-18歲,主任 (1) 負責督導
F-SGH-TKO,社署資助,九龍,綜合家庭服務,兒童住宿服務,兒童住宿服務, *將軍澳兒童之家," *將軍澳兒童之家
Tseung Kwan O Small Group Home
(*另提供緊急/短期兒童之家住宿服務，16間家舍名額合共10個。 )","九龍將軍澳尚德邨尚真樓216-218室
Rm 216-218, Sheung Chun House, Sheung Tak Estate, Tseung Kwan O, Kln.",tkosgh@poleungkuk.org.hk,2896 1733,"羅鳳霞
Law Fung Ha",fh.law@poleungkuk.org.hk,1999,8 (女),4-18歲,"遷址日期: 1.2.1999

主任 (1) 負責督導"
F-SGH-SC,社署資助,九龍,綜合家庭服務,兒童住宿服務,兒童住宿服務, *尚真兒童之家," *尚真兒童之家
Sheung Chun Small Group Home
(*另提供緊急/短期兒童之家住宿服務，16間家舍名額合共10個。 )","九龍將軍澳尚德邨尚真樓316-318室
Rm 316-318, Sheung Chun House, Sheung Tak Estate, Tseung Kwan O, Kln.",sjsgh@poleungkuk.org.hk,2775 1797,"林靖
Lam Ching",c.lam@poleungkuk.org.hk,1999,8 (男),4-18歲,"遷址日期: 1.2.1999

主任 (1) 負責督導"
F-SGH-THT,社署資助,九龍,綜合家庭服務,兒童住宿服務,兒童住宿服務,大坑東兒童之家,"大坑東兒童之家
Tai Hang Tung Small Group Home","九龍深水埗大坑東邨東海樓212-214室
Flat 212-214, Tung Hoi House, Tai Hang Tung Estate, Shamshuipo, Kowloon",thtsgh@poleungkuk.org.hk,2778 7038,"朱裕玲
Che Yu Ling",yuling.che@poleungkuk.org.hk,2.8.1986,8 (男女),4-18歲,主任 (1) 負責督導
F-SGH-TW,社署資助,新界,綜合家庭服務,兒童住宿服務,兒童住宿服務,太和兒童之家,"太和兒童之家
Tai Wo Small Group Home","新界大埔太和邨愛和樓401-406室
Flat 401-406, Oi Wo House, Tai Wo Estate Tai Po, N.T.",twsgh@poleungkuk.org.hk,2650 3779,"楊寶麒
Yeung Po Kei",pokei.yeung@poleungkuk.org.hk,1.9.1989,8 (男女),4-18歲,主任 (1) 負責督導
F-SGH-PT,社署資助,九龍,綜合家庭服務,兒童住宿服務,兒童住宿服務, * 白田兒童之家," * 白田兒童之家
Pak Tin Small Group Home
(*另提供緊急/短期兒童之家住宿服務，16間家舍名額合共10個。 )","九龍白田邨裕田樓一樓115-117室
Rm 115-117, Yue Tin House, Pak Tin Estate, Kowloon",ptsgh@poleungkuk.org.hk,2777 0457,"歐煥城
Au Woon Shing",woonshing.au@poleungkuk.org.hk,13.5.1994,8 (男),4-18歲,主任 (1) 負責督導
F-SGH-YT,社署資助,香港,綜合家庭服務,兒童住宿服務,兒童住宿服務, *耀東兒童之家," *耀東兒童之家
Yiu Tung Small Group Home
(*另提供緊急/短期兒童之家住宿服務，16間家舍名額合共10個。 )","香港筲箕灣耀東邨耀福樓102-104室
Flat 102-104, Yiu Fook House, Yiu Tung Estate, Shau Kei Wan, Hong Kong",ytsgh@poleungkuk.org.hk,2567 7798,"林彩蘭
Lam Choi Lan",choilam.lam@poleungkuk.org.hk,9.12.1994,8 (男女),4-18歲,主任 (1) 負責督導
F-SGH-YF,社署資助,香港,綜合家庭服務,兒童住宿服務,兒童住宿服務, *耀福兒童之家," *耀福兒童之家
Yiu Fook Small Group Home
(*另提供緊急/短期兒童之家住宿服務，16間家舍名額合共10個。 )","香港筲箕灣耀東邨耀福樓203-205室
Flat 203-205, Yiu Fook House, Yiu Tung Estate, Shau Kei Wan, Hong Kong",yfsgh@poleungkuk.org.hk,2569 8250,待聘,-,9.12.1994,8 (男女),4-18歲,主任 (1) 負責督導
F-SGH-ST,社署資助,新界,綜合家庭服務,兒童住宿服務,兒童住宿服務,新翠兒童之家,"新翠兒童之家
Sun Chui Small Group Home","新界沙田新翠邨新明樓220-222室
Flat 220-222, Sun Ming House, Sun Chui Estate, Shatin, N.T.",scsgh@poleungkuk.org.hk,2697 9699,"邱詠琴
Yau Wing Kam",wk.yau@poleungkuk.org.hk,23.5.1986,8 (男女),4-18歲,主任 (2) 負責督導
F-SGH-HO,社署資助,新界,綜合家庭服務,兒童住宿服務,兒童住宿服務, * 恒安兒童之家," * 恒安兒童之家
Heng On Small Group Home
(*另提供緊急/短期兒童之家住宿服務，16間家舍名額合共10個。 )","新界沙田馬鞍山恒安邨恒江樓349-352室
Flat 349-352, Heng Kong House, Heng On Estate, Ma On Shan, Shatin, N.T.",hosgh@poleungkuk.org.hk,2642 7212,"龍虹
Long Hong",ivy.long@poleungkuk.org.hk,15.2.1988,8 (男女),4-18歲,主任 (2) 負責督導
F-SGH-FT,社署資助,九龍,綜合家庭服務,兒童住宿服務,兒童住宿服務,* 鳳德兒童之家,"* 鳳德兒童之家
Fung Tak Small Group Home
(*另提供緊急/短期兒童之家住宿服務，16間家舍名額合共10個。 )","九龍鑽石山鳳德邨斑鳳樓701-704室
Flat 701-704, Ban Fung House, Fung Tak Estate, Diamond Hill North, Kowloon",ftsgh@poleungkuk.org.hk,2324 0515,"吳奕華
Ng Yick Wah",yw.ng@poleungkuk.org.hk,23.7.1991,8 (男女),4-18歲,主任 (2) 負責督導
F-SGH-CF,社署資助,九龍,綜合家庭服務,兒童住宿服務,兒童住宿服務,彩輝兒童之家,"彩輝兒童之家
Choi Fai Small Group Home","九龍牛池灣彩輝邨彩葉樓210-213室
Rm 210-213, Choi Yip House, Choi Fai Estate, Ngau Chi Wan, Kowloon",cfsgh@poleungkuk.org.hk,2318 0052,"湯慧蓮
Tong Wai Lin",wendy.tong@poleungkuk.org.hk,13.1.1996,8 (男女),4-18歲,"*收容7名正常及1名輕度弱智兒童

主任 (2) 負責督導"
F-SGH-SCO1,社署資助,新界,綜合家庭服務,兒童住宿服務,兒童住宿服務,*水泉澳兒童之家(1),"*水泉澳兒童之家(1)
Shui Chuen O Small Group Home(1)
(*另提供緊急/短期兒童之家住宿服務，16間家舍名額合共10個。 )","新界沙田水泉澳邨明泉樓地面3層1室
Unit 1(1), L3/F., Ming Chuen House, Shui Chuen O Estate, Shatin, N.T.",scosgh1@poleungkuk.org.hk,2661 9722,"蔡釗宜
Tsoi Chiu Yi",chiuyi.tsoi@poleungkuk.org.hk,30.6.2017,8 (男),4-18歲,主任 (2) 負責督導
F-SGH-SCO2,社署資助,新界,綜合家庭服務,兒童住宿服務,兒童住宿服務,*水泉澳兒童之家(2),"*水泉澳兒童之家(2)
Shui Chuen O Small Group Home(2)
(*另提供緊急/短期兒童之家住宿服務，16間家舍名額合共10個。 )","新界沙田水泉澳邨明泉樓地面3層1室
Unit 1(2), L3/F., Ming Chuen House, Shui Chuen O Estate, Shatin, N.T.",scosgh2@poleungkuk.org.hk,2661 9748,待聘,-,30.6.2017,8 (女),4-18歲,主任 (2) 負責督導
F-SGH-SCO3,社署資助,新界,綜合家庭服務,兒童住宿服務,兒童住宿服務,*水泉澳兒童之家(3),"*水泉澳兒童之家(3)
Shui Chuen O Small Group Home(3)
(*另提供緊急/短期兒童之家住宿服務，16間家舍名額合共10個。 )","新界沙田水泉澳邨明泉樓地面3層1室
Unit 1(3), L3/F., Ming Chuen House, Shui Chuen O Estate, Shatin, N.T.",scosgh3@poleungkuk.org.hk,2661 9751,"尤素華
Yau So Wa",sw.yau@poleungkuk.org.hk,30.6.2017,8 (男女),4-18歲,主任 (2) 負責督導
F-SGH-SCO4,社署資助,新界,綜合家庭服務,兒童住宿服務,兒童住宿服務,*水泉澳兒童之家(4),"*水泉澳兒童之家(4)
Shui Chuen O Small Group Home(4)
(*另提供緊急/短期兒童之家住宿服務，16間家舍名額合共10個。 )","新界沙田水泉澳邨明泉樓地面3層1室
Unit 1(4), L3/F., Ming Chuen House, Shui Chuen O Estate, Shatin, N.T.",scosgh4@poleungkuk.org.hk,2661 9792,待聘,-,30.6.2017,6 (男女),4-18歲,主任 (2) 負責督導
F-FOST-OR,社署資助,香港,綜合家庭服務,兒童住宿服務,兒童住宿服務,寄養服務,"寄養服務
Foster Care Service","香港銅鑼灣禮頓道66號
66 Leighton Road, Causeway Bay, H.K.",fostercare@poleungkuk.org.hk,"2277 8393
(2798 8689)","陸翠珊
Suzanne Luk",suzanne.luk@poleungkuk.org.hk,"緊急寄養：
6.2003
一般寄養：
4.2005","緊急寄養：
30 (男女)
一般寄養：
35 (男女)",0-18歲,-
F-IAS,自資,香港,綜合家庭服務,領養服務,領養服務,海外領養服務,"海外領養服務
Intercountry Adoption Service","香港銅鑼灣禮頓道66號
66 Leighton Road, Causeway Bay, H.K.",ias@poleungkuk.org.hk,"2277 8393
(2895 4955)","陸翠珊
Suzanne Luk",suzanne.luk@poleungkuk.org.hk,1.12.2007,-,18歲以下兒童及欲申請領養人士,-
F-LAS,自資,香港,綜合家庭服務,領養服務,領養服務,本地領養服務,"本地領養服務
Local Adoption Service","香港銅鑼灣禮頓道66號
66 Leighton Road, Causeway Bay, H.K.",las@poleungkuk.org.hk,"2277 8393
(2895 4955)","陸翠珊
Suzanne Luk",suzanne.luk@poleungkuk.org.hk,1.1.2010,-,18歲以下兒童及欲申請領養人士,-
F,自資,香港,綜合家庭服務,社區服務中心,社區服務中心,黃子欣夫人兒童醫療中心,"黃子欣夫人兒童醫療中心
Mrs. Margaret Wong Children Medical Centre","香港銅鑼灣禮頓道66號
66 Leighton Road, Causeway Bay, H.K.",sickbay@poleungkuk.org.hk,"2277 8464
(2504 5325)","梁凱韻
Wendy Leung",hoiwan.leung@poleungkuk.org.hk,-,本局住宿兒童,-,-
F-SUNRISE,社署資助,香港,綜合家庭服務,家庭危機支援服務,家庭危機支援服務,昕妍居,"昕妍居
Sunrise Court","香港銅鑼灣禮頓道66號
66 Leighton Road, Causeway Bay, H.K",sunrisecourt@poleungkuk.org.hk,"2538 1233
(2890 8408)
Hotline:
8100 1155","李梅蕙
Orenda Lee","	muiwai.lee@poleungkuk.org.hk",25.3.2002,38,"18歲以上婦女及其子女
12-18歲以下女童需家長同意書",12-18歲以下女童需家長同意書
F-WO,社署資助,香港,綜合家庭服務,家庭危機支援服務,家庭危機支援服務,維安中心,"維安中心
Wai On Home for Women","香港銅鑼灣禮頓道66號
66 Leighton Road, Causeway Bay, H.K",waion@poleungkuk.org.hk,"2172 7882
(2790 6369)
Hotline:
8100 1155","黃頴詩
Phoenix Wong",phoenix.wong@poleungkuk.org.hk,3.4.2006,56,"18歲以上婦女及其子女
12-18歲以下女童需家長同意書",12-18歲以下女童需家長同意書
F-DAWN,社署資助,香港,綜合家庭服務,家庭危機支援服務,家庭危機支援服務,曉妍居,"曉妍居
Dawn Court","香港銅鑼灣禮頓道66號
66 Leighton Road, Causeway Bay, H.K",dawncourt@poleungkuk.org.hk,"2243 2031
(2243 3018)
Hotline:
8100 1155",待聘,-,30.12.2009,36,"18歲以上婦女及其子女
12-18歲以下女童需家長同意書",12-18歲以下女童需家長同意書
F-TL,社署資助,九龍,綜合家庭服務,家庭危機支援服務,家庭危機支援服務,翠林中心 (家庭暴力受害人支援計劃),"翠林中心 (家庭暴力受害人支援計劃)
Tsui Lam Centre (Victim Support Programme for Victims of Family Violence)","九龍將軍澳翠林邨彩林樓地下102-107室
Rm 102-107, Choi Lam House, Tsui Lam Estate, Tseung Kwan O, Kowloon",victimsupport@poleungkuk.org.hk,"2894 9117
(2894 8038)","岑潔儀
Katherine Shum",katherine.shum@poleungkuk.org.hk,29.6.2010,不限,-,-
F-HCRC(SR),社署資助,九龍,綜合家庭服務,家庭危機支援服務,家庭危機支援服務,樂和社區資源中心,"樂和社區資源中心
Harmony Community Resources Centre","九龍長沙灣青山道538號半島大廈5樓13及15室
Unit Nos. 13 and 15, 5/F Peninsula Tower, 538 Castle Peak Road, Kowloon",epsdv@poleungkuk.org.hk,"2711 2335
(2899 0034)
平和關係支援計劃查詢熱線:
2899 0019",待聘,-,2.10.2013,不限,-,-
F-SPONSOR,自資,香港,綜合家庭服務,兒童住宿服務,兒童住宿服務,助養部,"助養部
Sponsorship Section","香港銅鑼灣禮頓道66號
66 Leighton Road, Causeway Bay, H.K.",sponchild@poleungkuk.org.hk,"2277 8164
(2890 6395)",待聘,-,兒童助養計劃始於1961年,-,-,-
F-BSFOOD,社署資助,新界,綜合家庭服務,短期食物援助計劃,社區服務中心,天朗膳糧坊短期食物援助服務隊,"天朗膳糧坊短期食物援助服務隊
Blue Sky Short-term Food Assistance Service Team","元朗服務中心：元朗大棠路11號光華廣場12樓1206-1208室
Yuen Long Service Centre : Office Nos. 6-8, 12/F, Kwong Wah Plaza, 11 Tai Tong Road, Yuen Long

天水圍服務中心：天水圍天秀路8號天一商城3樓3009-3010舖 
Tin Shui Wai Service Centre: Shops 3009-3010, 3/F, One Sky Mall, No. 8 Tin Sau Road, Tin Shui Wai",bsfa@poleungkuk.org.hk,"2658 1511
6301 1230
(2658 1908)

2551 6922
(2551 6981)
","李天發
Lee Tin Fat",tf.lee@poleungkuk.org.hk,1.3.2014,-,-,"遷址日期： 14.12.2021


遷址日期：
7.12.2021
社署恆常化日期:
1/8/2021"
F-SKMCS,自資,九龍,綜合家庭服務,社區服務中心,社區服務中心,深水埗區議會保良局石硤尾社區服務中心,"深水埗區議會保良局石硤尾社區服務中心
Sham Shui Po District Council Po Leung Kuk Shek Kip Mei Community Services Centre","九龍深水埗白田街13號石硤尾邨美葵樓101號舖
Shop 101, Mei Kwai House, Shek Kip Mei Estate, 13 Pak Tin Street, Sham Shui Po, Kowloon",skmcsc@poleungkuk.org.hk,"2608 9112
(2797 2089)","胡冠希
Ryan Wu
(社區服務)",kwunhei.wu@poleungkuk.org.hk,11.6.2019,不限,-,-
F-SKWCLR,關愛基金,香港,綜合家庭服務,社區服務中心,社區服務中心,筲箕灣社區客廳,"筲箕灣社區客廳
Shau Kei Wan Community Living Room ","香港筲箕灣興民街68號海天廣場3樓303至306室
Units 303-306, 3/F, Marina House, 68 Hing Man Street, Shau Kei Wan, Hong Kong",skwclr@poleungkuk.org.hk,"3915 3915
5239 3462
(3740 3666)","李協勤
Adnan Li",adrian.li@poleungkuk.org.hk,12.3.2025,不限,不限,18歲以下需家長同意書
C-MHYC,社署資助,香港,幼兒服務,育嬰園,育嬰園,保良局莫慶堯育嬰園,"保良局莫慶堯育嬰園
Po Leung Kuk Mok Hing Yiu Creche","香港銅鑼灣禮頓道66號
66 Leighton Road, Causeway Bay, H.K.",plkcreche@poleungkuk.org.hk,"2277 8199
2277 8379
(2577 0819)","黃雅璇園長
Wong Ngan Shuen",ns.wong@poleungkuk.org.hk,"1978.3.8
(2009.12.15)",48,0-2歲,"延展服務 2002.9
暫託服務 2011.5"
C-CLYW-KN,教育局 / 社署,香港,幼兒服務,幼稚園暨幼兒園/幼兒中心,幼稚園暨幼兒園/幼兒中心,朱李月華幼稚園暨幼兒園,"朱李月華幼稚園暨幼兒園
Chu Lee Yuet Wah  Kindergarten-cum-Nursery","香港銅鑼灣禮頓道66號
66 Leighton Road, Causeway Bay, H.K.",clywkgn@poleungkuk.org.hk,"2277 8383
2277 8170
(2890 8397)","曾志雄校長
Tsang Chi Hung",jim.tsang@poleungkuk.org.hk,"1964.4.5
(2009.3.30)",84,2-6歲,"兼收服務1979.9
暫託服務1997.3
延展服務2002.9"
C-KH-KN,教育局 / 社署,九龍,幼兒服務,幼稚園暨幼兒園/幼兒中心,幼稚園暨幼兒園/幼兒中心,黃樹雄幼稚園暨幼兒園 ,"黃樹雄幼稚園暨幼兒園 
Kim Huynh Kindergarten-cum-Nursery","九龍坪石邨黃石樓地下
G/F, 125-132, Wong Shek House, Ping Shek Estate, Kowloon",khkgn@poleungkuk.org.hk,"2320 6671
2320 6691
(2321 4219)","姚婉雯校長
Yiu Yuen Man",ym.yiu@poleungkuk.org.hk,"1975.2.16
(2012.5.18)",100,2-6歲,"兼收服務1981.10
暫託服務1991.6
延展服務2001.1"
C-CP-KN,教育局 / 社署,新界,幼兒服務,幼稚園暨幼兒園/幼兒中心,幼稚園暨幼兒園/幼兒中心,志沛幼稚園暨幼兒園,"志沛幼稚園暨幼兒園
Chi Pui Kindergarten-cum-Nursery","新界葵涌梨木樹邨第二座二樓
224 & 234, 225-232, 1/F., Block 2, Lei Muk Shue Estate, Kwai Chung",cpkgn@poleungkuk.org.hk,"2426 7643
2426 7645
(2410 1041)","王燕貞校長
Wong Yin Ching",yinching.wong@poleungkuk.org.hk,"1976.2.14
(2012.6.1)",105,2-6歲,"兼收服務1987.11
暫託服務1997.3
延展服務2001.10"
C-TCN-KN,教育局 / 社署,新界,幼兒服務,幼稚園暨幼兒園/幼兒中心,幼稚園暨幼兒園/幼兒中心,唐楚男(瀝源)幼稚園暨幼兒園,"唐楚男(瀝源)幼稚園暨幼兒園
Tong Chor Nam(Lek Yuen ) Kindergarten-cum-Nursery","新界沙田瀝源邨貴和樓二樓223至232室
No. 223-232, 1/F, Kwai Wo House, Lek Yuen Estate, Shatin, N.T.",tcnkgn@poleungkuk.org.hk,"2692 0428
2692 0438
(2695 3169)","林詠雯校長
Lam Wing Man",wm.lam@poleungkuk.org.hk,"1977.3.15
(2020.3)",105,2-6歲,"兼收服務 1985.11(兩組)
暫託服務 1991.6
延展服務 2001.1"
C-LOK-KN,教育局 / 社署,九龍,幼兒服務,幼稚園暨幼兒園/幼兒中心,幼稚園暨幼兒園/幼兒中心,梁安琪幼稚園暨幼兒園,"梁安琪幼稚園暨幼兒園
Angela Leong On Kei Kindergarten-cum-Nursery","九龍深水埗石硤尾邨美盛樓一樓
1/F., Mei Shing House, Shek Kip Mei Estate, Sham Shui Po, Kowloon",lokkgn@poleungkuk.org.hk,"2778 7182
2778 7193
(2777 1456)","巫凱儀校長
Mo Hoi Yi",hy.mo@poleungkuk.org.hk,"2014.3.26
(2017.3.8)
舊校馮伯廉幼稚園暨幼兒園服務開辦日期: 1979.3.12",100,2-6歲,"兼收服務(1980.10)*(兩組)
暫託服務(1996.3)*
延展服務 (2000.9) *"
C-TWS-KN,教育局 / 社署,九龍,幼兒服務,幼稚園暨幼兒園/幼兒中心,幼稚園暨幼兒園/幼兒中心,方譚遠良(慈雲山)幼稚園暨幼兒園,"方譚遠良(慈雲山)幼稚園暨幼兒園
Fong Tam Yuen Leung (Tsz Wan Shan) Kindergarten-cum-Nursery","九龍慈雲山慈民邨民泰樓 1, 2, 5-12 號地下
Unit 1, 2, & 5-12, G/F, Man Tai House, Tsz Man Estate, Tsz Wan Shan, Kowloon",tszwanshan@poleungkuk.org.hk,"2327 7561
2327 7567
(2350 6896)","成凱恩校長
Shing Hoi Yan",hy.shing@poleungkuk.org.hk,"1980.3.28
(1995.6.6)",135,2-6歲,"兼收服務1995.10(兩組)
暫託服務1996.3
延展服務2001.10"
C-MNYO-KN,教育局 / 社署,新界,幼兒服務,幼稚園暨幼兒園/幼兒中心,幼稚園暨幼兒園/幼兒中心,倪文玲(友愛)幼稚園暨幼兒園,"倪文玲(友愛)幼稚園暨幼兒園
Malina Ngai (Yau Oi) Kindergarten-cum-Nursery","新界屯門友愛邨第六座愛禮樓地下
G/F, Block 6 , Oi Lai House, Yau Oi Estate, Tuen Mun, N.T.",mnyokgn@poleungkuk.org.hk,"2451 4336
2451 4331
(2613 1977)","黃翠怡校長
Wong Tsui Yee",tsuiyee.wong@poleungkuk.org.hk,"1982.3.17
(2023.11.28)",110,2-6歲,"兼收服務1983.6(兩組)
暫託服務1996.3
延展服務2001.10"
C-LSC-KN,教育局 / 社署,九龍,幼兒服務,幼稚園暨幼兒園/幼兒中心,幼稚園暨幼兒園/幼兒中心,李筱參幼稚園暨幼兒園,"李筱參幼稚園暨幼兒園
Lee Siu Chan Kindergarten-cum-Nursery","九龍觀塘順利邨社區中心六樓
5/F, Shun Lee Estate Community Centre, Shun Lee Estate, Kowloon",leesiuchan@poleungkuk.org.hk,"2343 9038
2343 9096
(2950 9498)","黃小玲校長
Wong Siu Ling",siuling.wong@poleungkuk.org.hk,1983.3.15,112,2-6歲,"兼收服務1984.10(兩組)
暫託服務1996.10
延展服務2001.10"
C-WSC-KN,教育局 / 社署,九龍,幼兒服務,幼稚園暨幼兒園/幼兒中心,幼稚園暨幼兒園/幼兒中心,王少清幼稚園暨幼兒園,"王少清幼稚園暨幼兒園
Wong Siu Ching Kindergarten-cum-Nursery","九龍黃大仙彩雲邨社區中心六樓
5/F, Choi Wan Estate Community Centre, Choi Wan Estate, Kowloon",wongsiuching@poleungkuk.org.hk,"2755 3438
2755 3430
(2707 0292)","翟佩珊校長
Chak Pui Shan",puishan.chak@poleungkuk.org.hk,1983.3.24,105,2-6歲,"兼收服務1986.11
暫託服務1996.10
延展服務2001.10"
C-MNBB-KN,教育局 / 社署,新界,幼兒服務,幼稚園暨幼兒園/幼兒中心,幼稚園暨幼兒園/幼兒中心,倪文玲(蝴蝶灣)幼稚園暨幼兒園,"倪文玲(蝴蝶灣)幼稚園暨幼兒園
Malina Ngai (Butterfly Bay) Kindergarten-cum-Nursery","新界屯門蝴蝶灣社區中心六樓
5/F, Butterfly Bay Community Centre, Butterfly Estate, Tuen Mun, N.T.",mnbbkgn@poleungkuk.org.hk,"2467 3121
2467 3122
(2466 9844)","陸嘉慧校長
Luk Ka Wai",kw.luk@poleungkuk.org.hk,"1984.3.14
(2023.11.27)",105,2-6歲,"兼收服務1985.11
暫託服務1994.10
延展服務2001.1"
C-LC-KN,教育局 / 社署,新界,幼兒服務,幼稚園暨幼兒園/幼兒中心,幼稚園暨幼兒園/幼兒中心,劉進幼稚園暨幼兒園,"劉進幼稚園暨幼兒園
Lau Chun Kindergarten-cum-Nursery","新界大埔廣福邨廣禮樓地下
No. 123-131, G/F, Kwong Lai House, Kwong Fuk Estate, Tai Po, N.T.",lckgn@poleungkuk.org.hk,"2653 2932
2653 2966
(2638 5988)","黃翠怡校長
Wong Tsui Yee",tsuiyee.wong@poleungkuk.org.hk,"1984.3.23
(2019.2.26)",103,2-6歲,"兼收服務1995.2
暫託服務1997.3
延展服務2001.1"
C-NPL-KN,教育局 / 社署,九龍,幼兒服務,幼稚園暨幼兒園/幼兒中心,幼稚園暨幼兒園/幼兒中心,吳寶玲幼稚園暨幼兒園,"吳寶玲幼稚園暨幼兒園
Ng Po Ling Kindergarten-cum-Nursery","九龍觀塘翠屏邨翠桃樓21-34號平台
Unit 21-34, Podium Level, Tsui To House, Tsui Ping Estate, Kwun Tong, Kowloon",nplkgn@poleungkuk.org.hk,"2727 1405
2727 1428
(2349 7153)","王艷玲校長
Wong Yim Ling",yimling.wong@poleungkuk.org.hk,"1987.3.17
(2021.6.21)",132,2-6歲,"兼收服務1990.3(兩組)
暫託服務1995.10
延展服務2000.9"
C-FTYL-KN,教育局 / 社署,新界,幼兒服務,幼稚園暨幼兒園/幼兒中心,幼稚園暨幼兒園/幼兒中心,方譚遠良幼稚園暨幼兒園,"方譚遠良幼稚園暨幼兒園
Fong Tam Yuen Leung Kindergarten-cum-Nursery","新界荃灣青山公路荃灣段530/590號麗城花園第一期閣樓幼兒院
530/590 Castle Peak Road Tsuen Wan, Belvedere Garden, Phase 1, Mezz Nursery, Tsuen Wan",fongtam@poleungkuk.org.hk,"2411 1799
2411 1789
(2414 0891)","鍾佩珊校長
Chung Pui Shan",puishan.chung@poleungkuk.org.hk,1988.3.25,132,2-6歲,"兼收服務1996.9(兩組)
暫託服務1994.10
延展服務2002.9"
C-LKT-KN,教育局 / 社署,九龍,幼兒服務,幼稚園暨幼兒園/幼兒中心,幼稚園暨幼兒園/幼兒中心,呂錦泰幼稚園暨幼兒園,"呂錦泰幼稚園暨幼兒園
Lui Kam Tai Kindergarten-cum-Nursery","九龍大角咀鐵樹街四十三號海康大廈二座二樓
1/F, Block 2, Hoi Hong Building, 43 Tit Shu Street, Tai Kok Tsui, Kowloon",lktkgn@poleungkuk.org.hk,"2395 3623
2395 3680
(2395 8019)","莫詠圓校長
Mok Wing Yuen",wy.mok@poleungkuk.org.hk,"1990.3.14
(2012.3.23)",100,2-6歲,"兼收服務1999.9
暫託服務1992.11
延展服務2001.1"
C-CKTWK-KN,教育局 / 社署,香港,幼兒服務,幼稚園暨幼兒園/幼兒中心,幼稚園暨幼兒園/幼兒中心,莊啟程夫人(華貴)幼稚園暨幼兒園,"莊啟程夫人(華貴)幼稚園暨幼兒園
Mrs. Vicwood K.T. Chong (Wah Kwai) Kindergarten-cum-Nursery","香港薄扶林華貴邨社區中心四樓
4/F, Neighbourhood Community Centre, Wah Kwai Estate, Pokfulam, Hong Kong",vicwoodktchong@poleungkuk.org.hk,"2551 6908
2551 6923
(2538 9331)","陳嘉慧校長
Chan Ka Wai",nataliekw.chan@poleungkuk.org.hk,1992.2.24,133,2-6歲,"兼收服務1993.7(兩組)
暫託服務1995.10
延展服務2002.9"
C-LCKF-KN,教育局 / 社署,新界,幼兒服務,幼稚園暨幼兒園/幼兒中心,幼稚園暨幼兒園/幼兒中心,呂陳慧貞(葵芳)幼稚園暨幼兒園,"呂陳慧貞(葵芳)幼稚園暨幼兒園
Lui Chan Wai Ching (Kwai Fong) Kindergarten-cum-Nursery","新界葵涌葵芳邨葵安樓 15-22 號地下
Unit 15-22, G/F, Kwai On House, Kwai Fong Estate, Kwai Chung, N. T.",kwaifongkgn@poleungkuk.org.hk,"2421 6021
2421 6022
(2619 0559)
 ","葉慧敏校長
Yip Wai Man",joey.yip@poleungkuk.org.hk,"1993.1.12
(2020.3.17)",129,2-6歲,"兼收服務1995.9(兩組)
暫託服務1996.1
延展服務 2001.1"
C-LTLL-KN,教育局 / 社署,九龍,幼兒服務,幼稚園暨幼兒園/幼兒中心,幼稚園暨幼兒園/幼兒中心,林丁麗玲幼稚園暨幼兒園,"林丁麗玲幼稚園暨幼兒園
Lam Ting Lai Ling Kindergarten-cum-Nursery","九龍紅磡家維邨家安樓地下
G/F, Ka On Lau, Ka Wai Chuen, Hung Hom, Kowloon",ltllkgn@poleungkuk.org.hk,"2364 9480
2774 6444 (內部聯絡)
 (2627 0247)","鄒凱鈴校長
Chow Hoi Ling",crystal.chow@poleungkuk.org.hk,"1994.9.29
(2012.11.20)",210,2-6歲,"兼收服務1994.10(三組) 暫託服務1996.1
延展服務 2001.1"
C-CLWL-KN,教育局 / 社署,九龍,幼兒服務,幼稚園暨幼兒園/幼兒中心,幼稚園暨幼兒園/幼兒中心,陳黎惠蓮幼稚園暨幼兒園,"陳黎惠蓮幼稚園暨幼兒園
Chan Lai Wai Lin Kindergarten-cum-Nursery","九龍城馬頭圍道 188-194 號康年閣地下、一樓及二樓
G/F, 1/F and 2/F, Honour Court, 188-194, Ma
Tau Wai Road, Kowloon City, Kowloon",clwlkgn@poleungkuk.org.hk,"2364 7170
2364 7172
(2334 4413)","葉麗華校長
Yip Lai Wa",laiwa.yip@poleungkuk.org.hk,"1996.9.1
(2009.1.13)",135,2-6歲,"兼收服務1997.2(兩組)
暫託服務1997.3
延展服務2001.1"
C-LSH-KN,教育局 / 社署 / 自資,新界,幼兒服務,幼稚園暨幼兒園/幼兒中心,幼稚園暨幼兒園/幼兒中心,廖笑霞幼稚園暨幼兒中心,"廖笑霞幼稚園暨幼兒中心
Liu Sew Har Kindergarten-cum-Child Care Centre","新界元朗水車館街 44 號地下 1-8 號店
Shops 1-8, G/F, 44, Shui Che Kwun Street, Yuen Long, N.T.",lshkgn@poleungkuk.org.hk,"2479 0999
2479 0969
(2478 6999)","何慧敏校長
Ho Wai Man",wm.ho@poleungkuk.org.hk,"1997.6.1
(2020.3.19)","139
(嬰: 24)
(兒: 115)",0-6歲,"兼收服務1997.9(兩組)
暫託服務2006.10
(自負盈虧)暫託服務2000.9
延展服務2001.11"
C-TWPK-KN,教育局 / 社署 / 自資,九龍,幼兒服務,幼稚園暨幼兒園/幼兒中心,幼稚園暨幼兒園/幼兒中心,謝黃沛涓幼稚園暨幼兒園,"謝黃沛涓幼稚園暨幼兒園
Tse Wong Pui Kuen Kindergarten-cum-Nursery","九龍慈雲山慈樂邨樂安樓地下
G/F., Lok On House, Tsz Lok Estate, Tsz Wan Shan, Kowloon",twpkkgn@poleungkuk.org.hk,"2352 2843
2323 8845
(2352 4084)","鄭美珠校長
Cheng Mei Chu",mc.cheng@poleungkuk.org.hk,"1999.1.16
(2011.1.25)",131,2-6歲,"兼收服務2001.9
(自負盈虧)暫託服務2000.9
延展服務2001.1"
C-CKHY-KN,教育局 / 社署,九龍,幼兒服務,幼稚園暨幼兒園/幼兒中心,幼稚園暨幼兒園/幼兒中心,鄭關巧妍幼稚園暨幼兒園,"鄭關巧妍幼稚園暨幼兒園
Cheng Kwan How Yin Kindergarten-cum-Nursery","九龍藍田德田邨德康樓一樓二號
Unit 2, 1/F., Tak Hong House, Tak Tin Estate, Lam Tin, Kowloon",ckhykgn@poleungkuk.org.hk,"2709 2280
2709 2212
(2709 1860)","劉瑞萍校長
Lau Shui Ping",sp.lau@poleungkuk.org.hk,"1999.11.1
(2008.3.25)",135,2-6歲,"兼收服務2001.9(兩組)
暫託服務2000.9
延展服務2001.10"
C-LCWC-KN,教育局 / 社署 / 自資,九龍,幼兒服務,幼稚園暨幼兒園/幼兒中心,幼稚園暨幼兒園/幼兒中心,呂陳慧貞幼稚園暨幼兒園,"呂陳慧貞幼稚園暨幼兒園
Lui Chan Wai Ching Kindergarten-cum-Nursery","九龍何文田常盛街常樂邨常樂樓地下
G/F., Sheung Lok House, Sheung Lok Estate, Sheung Shing Street, Homantin, Kowloon",lcwckgn@poleungkuk.org.hk,"2761 3431
2761 3428
(2761 3088)","袁美虹校長
Yuen May Hung",mary.yuen@poleungkuk.org.hk,"1999.9.13
(2012.3.23)",140,2-6歲,"兼收服務2000. 9 (兩組)
(自負盈虧)暫託服務2000.9
延展服務2001.10"
C-CL-KN,教育局 / 社署 / 自資,新界,幼兒服務,幼稚園暨幼兒園/幼兒中心,幼稚園暨幼兒園/幼兒中心,李俊駒伉儷幼稚園暨幼兒園,"李俊駒伉儷幼稚園暨幼兒園
Mr. & Mrs Charlie Lee Kindergarten-cum-Nursery","新界葵涌葵盛東邨盛逸樓平台 B 及C 座
Wing B & C, Podium Level, Shing Yat House, Kwai Shing East Estate, Kwai Chung , N.T.",clkgn@poleungkuk.org.hk,"2419 2734
2419 2755
(2419 2735)","許慧賢校長
Hui Wai Yin",waiyin.hui@poleungkuk.org.hk,"2000.1.3
(2010.7.16)",135,2-6歲,"暫託服務2000.3
延展服務2001.1
兼收服務2005.9"
C-CKY-KN,教育局 / 社署 / 自資,新界,幼兒服務,幼稚園暨幼兒園/幼兒中心,幼稚園暨幼兒園/幼兒中心,蔡繼有幼稚園暨幼兒園,"蔡繼有幼稚園暨幼兒園
Choi Kai Yau  Kindergarten-cum-Nursery","新界將軍澳彩明苑彩富閣地下B及C座
Wing B & C, G/F, Choi Fu House, Choi Ming Court, Tseung Kwan O",ckykgn@poleungkuk.org.hk,"3143 9039
3143 9298
(3143 9153)","王寶英校長
Wong Po Ying",poying.wong@poleungkuk.org.hk,"2002.1.16
(2008.3.27)",135,2-6歲,"
兼收服務2002.2(三組) (自負盈虧)暫託服務2002.1
延展服務2002.1
"
C-WY-KN,教育局 / 社署 / 自資,香港,幼兒服務,幼稚園暨幼兒園/幼兒中心,幼稚園暨幼兒園/幼兒中心,慧妍雅集幼稚園暨幼兒園,"慧妍雅集幼稚園暨幼兒園
Wai Yin Kindergarten-cum-Nursery","香港鰂魚涌基利路1號鰂魚涌社區綜合大樓1樓A
Unit A, 1/F, Quarry Bay Community Complex, 1 Greig Road, Quarry Bay, Hong Kong",waiyin@poleungkuk.org.hk,"2590 6332
2590 6378
(2590 6320)","温翠慧校長
Wan Chui Wai",chuiwai.wan@poleungkuk.org.hk,2005.9.20,168,2-6歲,"兼收服務2005.9(兩組)
(自負盈虧)暫託服務2005.12
延展服務2005.12"
C-MNYLCDC,社署資助,新界,幼兒服務,特殊幼兒服務,特殊幼兒服務,倪文玲(元朗)兒童發展中心,"倪文玲(元朗)兒童發展中心
Malina Ngai (Yuen Long) Child Development Centre ","新界元朗水邊圍邨盈水樓215-220室
Unit 215-220 Ying Shui House, Shui Pin Wai Estate, Yuen Long, New Territories",mnylcdc@poleungkuk.org.hk,"2479 1901
2479 1902
(2479 1905)","朱嘉慧經理
Chu Ka Wai",kawai.chu@poleungkuk.org.hk,"2008.3.1
(2022.9.8)","67
(早期訓練: 47)
(特殊幼兒: 20)",0-6歲,"暫託服務2008.9.1
延展服務 2008.9.1"
C-CKLELC,社署資助,九龍,幼兒服務,特殊幼兒服務,特殊幼兒服務,曹金霖幼兒學習中心,"曹金霖幼兒學習中心
Chao King Lin Early Learning Centre","九龍黃大仙竹園南邨華園樓地下
Unit 121-140, G/F, Wah Yuen House, Chuk Yuen(South)Estate, Wong Tai Sin, Kowloon",cklelc@poleungkuk.org.hk,"2322 3030
(2322 6223)","駱文曦經理
Lok Men Hay",mh.lok@poleungkuk.org.hk,2010.3.25,"122
(早期訓練: 66)
(特殊幼兒: 56)",0-6歲,"暫託服務2010.9.1
延展服務 2010.9.1"
C-CDC,自資,香港,幼兒服務,特殊幼兒服務,特殊幼兒服務,保良局兒童發展中心,"保良局兒童發展中心
Po Leung Kuk Child Development Centre","香港銅鑼灣禮頓道66號郭羅桂珍兒童服務大樓
Po Leung Kuk Kwok Law Kwai Chun Children Services Building, 66, Leighton Road, Causeway Bay",cdc@poleungkuk.org.hk,"3166 1088
(3905 6037)","黃淑君隊長
Wong Shuk Kwan",shukkwan.wong@poleungkuk.org.hk,2013.1.1,不限,0-8歲,-
C-LOKCDC,社署資助,新界,幼兒服務,特殊幼兒服務,特殊幼兒服務,梁安琪兒童發展中心,"梁安琪兒童發展中心
Angela Leong On Kei Child Development Centre","沙田美田邨美全樓地下C翼
G/F Wing C, Mei Chuen House, Mei Tin Estate, Shatin, New Territories",lokcdc@poleungkuk.org.hk,"2663 1254
(2702 1163)","陳惠淳經理
Chan Wai Shun",carolws.chan@poleungkuk.org.hk,"2014.9.29
(2017.2.20)",100,0-6歲,暫託服務 2014.10.1
C-WYACDC,社署資助,新界,幼兒服務,特殊幼兒服務,特殊幼兒服務,慧妍雅集兒童發展中心,"慧妍雅集兒童發展中心
Wai Yin Association Child Development Centre","新界大埔寶鄉邨地下G07室
Go7, G/F, Po Heung Estate, Tai Po, New Territories Hong Kong",wycdc@poleungkuk.org.hk,"2769 0208
 (2769 3478)","梁健兒經理
Leung Kin Yi",kinyi.leung@poleungkuk.org.hk,"2018.3.1
(2019.1.18)",100,0-6歲,暫託服務 2018.3.1
C-MNSPCDC,社署資助,九龍,幼兒服務,特殊幼兒服務,特殊幼兒服務,倪文玲(深水埗)兒童發展中心,"倪文玲(深水埗)兒童發展中心
Malina Ngai (Sham Shui Po) Child Development Centre","九龍深水埗蘇屋邨社區綜合服務大樓二樓
2nd floor , Amenity and Community Building, So Uk Estate, Sham Shui Po, Kowloon",mnsspcdc@poleungkuk.org.hk,"2955 1622
(2955 1612)","羅小萍經理
Lo Siu Ping",phoebe.lo@poleungkuk.org.hk,"2019.12.19
(2022.9.8)","120
(早期訓練: 90)
(特殊幼兒: 30)",0-6歲,-
C-MNHTCDC,社署資助,九龍,幼兒服務,特殊幼兒服務,特殊幼兒服務,倪文玲(海達)兒童發展中心,"倪文玲(海達)兒童發展中心
Malina Ngai ( Hoi Tat) Child Development Centre","深水埗深旺道38號海達邨服務設施大樓地下
G/F, Hoi Tat Estate Ancillary Facilities Block, 38 Sham Mong Road, Sham Shui Po",mnhtcdc@poleungkuk.org.hk,"2590 0203
(2856 1368)","曾羡文經理
Tsang Sin Man",sinman.tsang@poleungkuk.org.hk,"2022.7.29
(2023.9.15)","120
(早期訓練: 60)
(特殊幼兒: 60)",0-6歲,"暫託服務2023.9.15
延展服務2023.9.15"
C-TSP-WRS,社署合約金,新界,幼兒服務,特殊幼兒服務,特殊幼兒服務,啟步計劃,"啟步計劃
Training Subsidy Programme for Children on the Waiting List for Subvented Pre-school Rehabilitation Services","新界元朗水邊圍邨盈水樓215-220室
Unit 215-220 Ying Shui House, Shui Pin Wai Estate, Yuen Long, New Territories",ylelc@poleungkuk.org.hk,"2479 1901
2479 1902
(2479 1905)","梁健兒經理
Leung Kin Yi",kinyi.leung@poleungkuk.org.hk,2014.10.1,253,0-6歲,-
C-FLY-HKCK,社署資助,香港,幼兒服務,特殊幼兒服務,特殊幼兒服務,傲翔計劃(港島及九龍),"傲翔計劃(港島及九龍)
I Can Fly (HK Island & Kowloon )","香港灣仔譚臣道23號壬子商業大廈2樓
2/F Yam Tze Commercial Building, 23 Thomson Road Wan Chai, Hong Kong",icanfly.hkk@poleungkuk.org.hk,"3166 1088
(3905 6037)","黃淑君隊長
Wong Shuk Kwan",shukkwan.wong@poleungkuk.org.hk,2015.12.1,179,2-6歲,-
C-FLY-KE,社署資助,九龍,幼兒服務,特殊幼兒服務,特殊幼兒服務,傲翔計劃(九龍東),"傲翔計劃(九龍東)
I Can Fly (Kowloon East)","九龍九龍灣宏遠街1號一號九龍806-807室
Units 806-807, 8/F., One Kowloon, 1 Wang Yuen Street, Kowloon Bay, Kowloon, HK.",icanfly.ke@poleungkuk.org.hk,"3709 8721
(3709 8720)","杜耀明隊長
Tho Yiu Ming",yiuming.tho@poleungkuk.org.hk,2015.12.1,164,2-6歲,-
C-FLY-NTE,社署資助,新界,幼兒服務,特殊幼兒服務,特殊幼兒服務,傲翔計劃(新界東),"傲翔計劃(新界東)
I Can Fly (New Territories East)","新界沙田火炭山尾街18-24號沙田商業中心7樓11-12室
Unit 11-12, 7/F Shatin Galleria,  18-24 Shan Mei Street, Fo Tan, New Territories",icanfly.nte@poleungkuk.org.hk,3702 3309,"彭詠嫻隊長
Pang Wing Han","	ivy.wh.pang@poleungkuk.org.hk",2015.12.1,189,2-6歲,-
C-FLY-NTW,社署資助,新界,幼兒服務,特殊幼兒服務,特殊幼兒服務,傲翔計劃(新界西),"傲翔計劃(新界西)
I Can Fly (New Territories West)","新界東涌逸東邨二號停車場三樓
Unit No. KG02, 3/F., Multi-storey Car Park 2, Yat Tung Estate, Tung Chung, New Territories",icanfly.ntw@poleungkuk.org.hk,"2813 2137
2813 2374
(2813 2529)","王偉杰隊長
Wong Wai Kit","	waikit.wong@poleungkuk.org.hk",2015.12.1,179,2-6歲,-
C-FLY-KS,社署資助,九龍,幼兒服務,特殊幼兒服務,特殊幼兒服務,傲翔計劃(九龍南),"傲翔計劃(九龍南)
I Can Fly (Kowloon South)","九龍長沙灣道833號長沙灣廣場二期5樓507A室，6樓604 - 605A室
Unit 604 and Unit 605A, 6/F, Tower II, Cheung Sha Wan Plaza, 833 Cheung Sha Wan Road, Cheung Sha Wan, Kowloon",icanfly.ks@poleungkuk.org.hk,"2127 4898
(3741 2021)","鄧綺玲隊長
Tang Yee Ling",elaine.yl.tang@poleungkuk.org.hk,2018.10.1,179,2-6歲,-
C-FLY-NTS,社署資助,九龍,幼兒服務,特殊幼兒服務,特殊幼兒服務,傲翔計劃(新界南),"傲翔計劃(新界南)
I Can Fly (New Territories South)","九龍長沙灣道833號長沙灣廣場二期6樓606室
Unit 606, 6/F, Tower II, Cheung Sha Wan Plaza, 833 Cheung Sha Wan Road, Cheung Sha Wan, Kowloon",icanfly.nts@poleungkuk.org.hk,"2127 4914
 (3741 2022)","鄧曉欣隊長
Tang Hiu Yan","	hiuyan.tang@poleungkuk.org.hk",2018.10.1,134,2-6歲,-
C-TC,自資,新界,幼兒服務,特殊幼兒服務,特殊幼兒服務,東涌兒童綜合服務中心,"東涌兒童綜合服務中心
Tung Chung Children Integrated Services Centre","新界東涌逸東邨二號停車場三樓
Unit No. KG02, 3/F., Multi-storey Car Park 2, Yat Tung Estate, Tung Chung, New Territories",tccisc@poleungkuk.org.hk,"2813 2387
2813 2374
(2813 2529)","王偉杰隊長
Wong Wai Kit","	waikit.wong@poleungkuk.org.hk",2015.12.1,不限,0-8歲,-
C-KSWS-EW,社署資助,香港,幼兒服務,特殊幼兒服務,特殊幼兒服務,幼稚園駐校社工服務(東區及灣仔),"幼稚園駐校社工服務(東區及灣仔)
Kindergarten Social Work Services (Eastern and Wan Chai)","香港銅鑼灣駱克道463-483號 銅鑼灣廣場2期1603室
Unit 1603, 16/F, Causeway Bay Plaza 2, 463-483 Lockhart Road, Causeway Bay, H.K.",ksws.ew@poleungkuk.org.hk,"2116 9158
(3523 0624)","夏嘉怡經理
Ha Ka Yi",kayi.ha@poleungkuk.org.hk,2023.8.1,16間學校,2-6歲,
C-SPEECHT1,社署資助,香港,幼兒服務,特殊幼兒服務,特殊幼兒服務,言語治療服務隊I,"言語治療服務隊I
Speech Therapy Service Team 1 ","香港銅鑼灣禮頓道66號郭羅桂珍兒童服務大樓203室
Rm 203, Kwok Law Kwai Chun Children Services Building, 66 Leightion Road, Causeway Bay, H.K.
",speech@poleungkuk.org.hk,"2277 8276
(2881 7447)","呂敏儀隊長
Lui Man Yi",manyi.lui@poleungkuk.org.hk,2002,258,2-6歲,-
C-SPEECHT2,社署資助,香港,幼兒服務,特殊幼兒服務,特殊幼兒服務,言語治療服務隊II,"言語治療服務隊II
Speech Therapy Service Team 2","香港銅鑼灣禮頓道66號郭羅桂珍兒童服務大樓203室
Rm 203, Kwok Law Kwai Chun Children Services Building, 66 Leightion Road, Causeway Bay, H.K.
",speech@poleungkuk.org.hk,"2277 8276
(2881 7447)","呂敏儀隊長
Lui Man Yi",manyi.lui@poleungkuk.org.hk,2002,210,2-6歲,-
C-CPES,自資,香港,幼兒服務,特殊幼兒服務,特殊幼兒服務,**兒童潛能發展服務,"**兒童潛能發展服務
Children Potential Enhancement Services
(**為言語治療服務隊)","香港銅鑼灣禮頓道66號郭羅桂珍兒童服務大樓203室
Rm 203, Kwok Law Kwai Chun Children Services Building, 66 Leightion Road, Causeway Bay, H.K.
",speech@poleungkuk.org.hk,"2277 8276
(2881 7447)","呂敏儀隊長
Lui Man Yi",manyi.lui@poleungkuk.org.hk,2004,不限,2-8歲,-
C-PCC-TC,社署資助,新界,幼兒服務,特殊幼兒服務,特殊幼兒服務,學前兒童課餘託管中心(東涌),"學前兒童課餘託管中心(東涌)
Po Leung Kuk After School Care Centre for Pre primary Children (Tung Chung)","新界東涌逸東邨二號停車場三樓
Unit No. KG02, 3/F., Multi-storey Car Park 2, Yat Tung Estate, Tung Chung, New Territories",tccisc@poleungkuk.org.hk,"2813 2387
2813 2374
(2813 2529)","王偉杰隊長
Wong Wai Kit","	waikit.wong@poleungkuk.org.hk",2015.8.1,18,3-6歲,
R-YFPT,社署資助,九龍,康復服務,康復-院舍,康復-院舍,原馮寶添紀念宿舍,"原馮寶添紀念宿舍
Yuen Fung Po Tim Memorial Hostel
(RE07)","九龍觀塘翠屏邨翠桐樓二樓
2/F, Tsui Tung House, Tsui Ping Estate, Kwun Tong, Kowloon",yfpthostel@poleungkuk.org.hk,"2772 3049
(2379 5021)","湛麗翔
Ven Cham","laicheung.cham@poleungkuk.org,hk","3.1976(開辦)
5.1991(遷址)","59 住宿 (女)
2 偶然暫宿",15歲或以上,-
R-88KT,社署資助,九龍,康復服務,職業健康服務,職業健康服務,八八觀塘工場,"八八觀塘工場
88 KwunTong Workshop 
(RE08)","九龍觀塘翠屏邨翠桐樓地下
G/F, Tsui Tung House, Tsui Ping Estate, Kwun Tong, Kowloon",88kt@poleungkuk.org.hk,"2772 3046-8
(2348 9651)","湛麗翔
Ven Cham","laicheung.cham@poleungkuk.org,hk","3.1976(開辦)
5.1991(遷址)",115 (男女),15歲或以上,-
R-88KT-WEP,社署資助,九龍,康復服務,職業康復延展計劃,職業健康服務,(八八觀塘工場) 職業康復延展計劃,"(八八觀塘工場) 職業康復延展計劃
Work Extension Programme 
(RE25)","九龍觀塘翠屏邨翠桐樓地下
G/F, Tsui Tung House, Tsui Ping Estate, Kwun Tong, Kowloon",88kt@poleungkuk.org.hk,"2772 3046-8
(2348 9651)","湛麗翔
Ven Cham","laicheung.cham@poleungkuk.org,hk","3.1976(開辦)
5.1991(遷址)",160 (男女),15歲或以上,-
R-KL,社署資助,新界,康復服務,康復-院舍,康復-院舍,景林宿舍,"景林宿舍
King Lam Hostel
(RE11)","新界將軍澳景林邨景榕樓地下及一樓
G/F & 1/F, King Yung House, King Lam Estate, Tseung Kwan O, N.T.",kinglam@poleungkuk.org.hk,"2701 5333
(2623 2105)","黃劍影
Regina Wong ",regina.wong@poleungkuk.org.hk,2.1994,"18 住宿 (男)
38 住宿 (女)
2 偶然暫宿",15歲或以上,-
R-YYS,社署資助,新界,康復服務,職業健康服務,職業健康服務,余堯燊紀念工場,"余堯燊紀念工場
Yue Yiu Sun Memorial Workshop
(RE12)","新界將軍澳景林邨景榆樓地下
G/F, King Yu House, King Lam Estate, Tseung Kwan O, N.T.",yueyiusun@poleungkuk.org.hk,"2706 2998
(2706 7070)","黃劍影
Regina Wong",regina.wong@poleungkuk.org.hk,2.1994,155 (男女),15歲或以上,-
R-YYS-WEP,社署資助,新界,康復服務,職業康復延展計劃,職業健康服務,(余堯燊紀念工場) 職業康復延展計劃,"(余堯燊紀念工場) 職業康復延展計劃
Work Extension Programme
(RE41)","新界將軍澳景林邨景榆樓地下
G/F, King Yu House, King Lam Estate, Tseung Kwan O, N.T.",yueyiusun@poleungkuk.org.hk,"2706 2998
(2706 7070)","黃劍影
Regina Wong",regina.wong@poleungkuk.org.hk,2.1994,155 (男女),15歲或以上,-
R-YLS,社署資助,新界,康復服務,康復-院舍,康復-院舍,姚連生宿舍,"姚連生宿舍
Yao Ling Sun Hostel
(RE17)","新界天水圍天澤邨服務設施大樓四樓
4/F, Ancillary Facilities Block, Tin Chak Estate, Tin Shui Wai, N.T.",ylshostel@poleungkuk.org.hk,"2486 3366
(2486 3006)","陳志揚
Danny Chan ",chiyeung.chan@poleungkuk.org.hk,"3.2002(開辦)
11.2011(遷址)","37 住宿 (男)
37 住宿 (女)
3 指定暫宿
4 偶然暫宿","15歲或以上
15歲或以上
6歲或以上
6歲或以上",-
R-TCVS,社署資助,新界,康復服務,職業健康服務,職業健康服務,天澤職業服務中心,"天澤職業服務中心
Tin Chak Vocational Services Centre
(RE33)","新界天水圍天澤邨澤宇樓、澤潤樓及澤輝樓地下
G/F, Chak Yu House, Chak Yun House, Chak Fai House, Tin Chak Estate, Tin Shui Wai, N.T.
",tcvsc@poleungkuk.org.hk,"2486 3888
(2486 3579)","陳志揚
Danny Chan ",chiyeung.chan@poleungkuk.org.hk,"3.2002(開辦)
3.2012(轉型)",234 (男女),15歲或以上,-
R-WLGJ,社署資助,新界,康復服務,康復-院舍及職業健康服務,康復-院舍,永隆銀行金禧工場及宿舍,"永隆銀行金禧工場及宿舍
Wing Lung Bank Golden JubileeWorkshop and Hostel
(RE32)","新界西貢碧翠路33號
33 Razor Hill Road, Sai Kung, N.T.",wlgj@poleungkuk.org.hk,"2358 3301
(2358 3957)","李潤梅
Yuki Li",yuki.li@poleungkuk.org.hk,4.2012(開辦),"170 (工場) (男女)
104 (宿舍) (男女)
4 偶然暫宿","15歲或以上
15歲或以上
6歲或以上",-
R-LSC,社署資助,新界,康復服務,康復-院舍,康復-院舍,李兆忠紀念復康中心,"李兆忠紀念復康中心
Li Shiu Chung Memorial Rehabilitation Centre
(RE23)","新界沙田大圍悠定街七號
7 Yau Ting Street, Tai Wai, Shatin, N.T.",lscmrc@poleungkuk.org.hk,"2699 3355
(2699 3312)","李嘉妍
Fanny Li",fanny.li@poleungkuk.org.hk,3.2007,60 (男女),15歲或以上,-
R-OT,社署資助,九龍,康復服務,康復-院舍,康復-院舍,安泰復康中心,"安泰復康中心
On Tai Rehabilitation Centre
(RE47)","九龍觀塘安秀道23號安泰邨服務設施大樓四樓
4/F, On Tai Estate Ancillary Facilities Block, 23 On Sau Road, Kwun Tong , Kowloon",otrc@poleungkuk.org.hk,"2711 9299
(2711 9290)","鄧頴欣
Tang Wing Yan",wy.tang@poleungkuk.org.hk,8.2019,"51 住宿 (男女)
5 日間 (男女)
3 偶然暫宿","15歲或以上
15歲或以上
6歲或以上",-
R-TSW,社署資助,新界,康復服務,康復-院舍,康復-院舍,天水圍復康中心,"天水圍復康中心
Tin Shui Wai Rehabilitation Centre
(RE36)","新界天水圍天業路三號天水圍(天業路)家庭醫學綜合中心三樓及四樓
3/F & 4/F, Tin Shui Wai (Tin Yip Road) Family Medicine Integrated Centre, 3 Tin Yip Road, Tin Shui Wai, N.T.",tswrc@poleungkuk.org.hk,"2602 0600
(2602 0922)","翁美思
Helen Yung",meisze.yung@poleungkuk.org.hk,3.2014,"35 (女)
45 (男)",15歲或以上,-
R-SKM-VS,社署資助,九龍,康復服務,康復延展照顧服務/職業康復延展計劃,職業健康服務,石硤尾職業服務中心,"石硤尾職業服務中心
Shek Kip Mei Vocational Services Centre 
(RE22)","九龍深水埗石硤尾邨42及43座平台
Podium Floor, Blocks 42 & 43, Shek Kip Mei Estate, Shamshuipo, Kowloon",skmvsc@poleungkuk.org.hk,"2778 1237
(2777 3861)","何蔚諾
Wallace Ho",wallace.wl.ho@poleungkuk.org.hk,"1.4.2004
[由石硤尾工場(2.1985開辦)及輔助就業(2002開辦) 合併轉型]",210 (男女),15歲或以上,-
R-LCK,社署資助,新界,康復服務,康復-院舍及日間照顧服務,康復-院舍,李朝江伉儷紀念中心,"李朝江伉儷紀念中心
Mr. and Mrs. Lee Chiu Kong Memorial Centre(RE06)","新界沙田顯徑邨顯沛樓地下
G/F, Hin Pui House, Hin Keng Estate, Shatin, N.T.",lck@poleungkuk.org.hk,"2605 6801
(2697 8929)","陳樂婷
Chan Lok Ting",lt.chan@poleungkuk.org.hk,1.1987,"56 住宿 (女)
16 日間服務 (女)
1 指定暫宿
1 偶然暫宿","15歲或以上
15歲或以上
6歲或以上
6歲或以上",-
R-LCK-EP,社署資助,新界,康復服務,康復延展照顧服務,康復-院舍,(李朝江伉儷紀念中心) 延展照顧計劃  ,"(李朝江伉儷紀念中心) 延展照顧計劃  
Extended Care Programme","新界沙田顯徑邨顯沛樓地下
G/F, Hin Pui House, Hin Keng Estate, Shatin, N.T.",lck@poleungkuk.org.hk,"2605 6801
(2697 8929)","陳樂婷
Chan Lok Ting",lt.chan@poleungkuk.org.hk,"2.2015 (原轉名額15)
11.2018 (再轉名額25)",40 (女),50歲或以上,-
R-CYC,社署資助,新界,康復服務,康復-院舍及日間照顧服務,康復-院舍,鄭翼之中心,"鄭翼之中心
Y.C. Cheng Centre
(RE09)","新界沙田大圍悠定街九號
9 Yau Ting Street, Tai Wai, Shatin, N.T.",yccheng@poleungkuk.org.hk,"2699 3355
(2697 1773)","李嘉妍
Fanny Li",fanny.li@poleungkuk.org.hk,10.1991,"212 住宿 (男女)
87 日間服務 (男女)
4 偶然暫宿","15歲或以上
15歲或以上
6歲或以上",-
R-CYC-ECP,社署資助,新界,康復服務,康復延展照顧服務,康復-院舍,(鄭翼之中心) 延展照顧計劃,"(鄭翼之中心) 延展照顧計劃
Extended Care Programme
(RE26)","新界沙田大圍悠定街九號
9 Yau Ting Street, Tai Wai, Shatin, N.T.",yccheng@poleungkuk.org.hk,"2699 3355
(2697 1773)","李嘉妍
Fanny Li",fanny.li@poleungkuk.org.hk,"2008年 (原名額10)
2.2015 (再轉名額60)
11.2018 (再轉名額5)
12.2024 (再轉名額60)",135 (男女),50歲或以上,-
R-PFL,社署資助,香港,康復服務,康復-院舍及日間照顧服務,康復-院舍,薄扶林復康中心,"薄扶林復康中心
Pokfulam Rehabilitation Centre
(RE30)","香港薄扶林道147號五樓及六樓
5/F & 6/F, 147 Pokfulam Road, Hong Kong",pfl@poleungkuk.org.hk,"2551 3302
(2551 3329)","吳柏宗
Louis Ng
(署任)",chung.ng@poleungkuk.org.hk,8.2009,"46 住宿 (男女)
38 日間服務 (男女)
2 指定暫宿
2 偶然暫宿","15歲或以上
15歲或以上
6歲或以上
6歲或以上",-
R-PFL-ECP,社署資助,香港,康復服務,康復延展照顧服務,康復-院舍,(薄扶林復康中心) 延展照顧計劃,"(薄扶林復康中心) 延展照顧計劃
Extended Care Programme","香港薄扶林道147號五樓及六樓
5/F & 6/F, 147 Pokfulam Road, Hong Kong",pfl@poleungkuk.org.hk,"2551 3302
(2551 3329)","吳柏宗
Louis Ng
(署任)",chung.ng@poleungkuk.org.hk,"   12.2024
   (轉名額10)",10 (男女),50歲或以上,
R-LCSP,社署資助,新界,康復服務,康復-院舍-日間照顧服務-職業健康服務,康復-院舍,劉陳小寶綜合復康中心,"劉陳小寶綜合復康中心
Lau Chan Siu Po Integrated Rehabilitation Centre          (RE24)","新界天水圍天恩邨服務設施大樓五樓及六樓
5/F & 6/F, Ancillary Facilities Block, Tin Yan Estate, Tin Shui Wai, N.T.",tinyanirc@poleungkuk.org.hk,"3525 0898
(3525 0882)","梁美霞
Dilys Leung",dilys.leung@poleungkuk.org.hk,3.2006,"68 住宿 (男女)
88 日間服務 (男女)
2 指定暫宿
2 偶然暫宿","15歲或以上
15歲或以上
6歲或以上
6歲或以上",-
R-LCSP-ECP,社署資助,新界,康復服務,康復延展照顧服務/職業康復延展計劃,職業健康服務,(劉陳小寶綜合復康中心) 延展照顧計劃,"(劉陳小寶綜合復康中心) 延展照顧計劃
Extended Care Programme","新界天水圍天恩邨服務設施大樓五樓及六樓
5/F & 6/F, Ancillary Facilities Block, Tin Yan Estate, Tin Shui Wai, N.T.",tinyanirc@poleungkuk.org.hk,"3525 0898
(3525 0882)","梁美霞
Dilys Leung",dilys.leung@poleungkuk.org.hk,"   12.2024
   (轉名額10)",10 (男女),50歲或以上,
R-PHH,社署資助,新界,康復服務,康復-院舍-日間照顧服務-職業健康服務,康復-院舍,夏利萊博士伉儷綜合復康中心,"夏利萊博士伉儷綜合復康中心
Padma & Hari Harilela Integrated Rehabilitation Centre          (RE31)","新界葵涌葵盛圍310號
310 Kwai Shing Circuit, Kwai Chung, N.T.",phhirc@poleungkuk.org.hk,"3980 9688
(3980 9633)","李浩淇
Dick Lee",dick.lee@poleungkuk.org.hk,12.2010,"321 住宿 (男女)
217 日間服務 (男女)
2 指定暫宿
9 偶然暫宿","15歲或以上
15歲或以上
6歲或以上
6歲或以上",-
R-PHH-ECP,社署資助,新界,康復服務,康復延展照顧服務/職業康復延展計劃,職業健康服務,(夏利萊博士伉儷綜合復康中心) 延展照顧計劃,"(夏利萊博士伉儷綜合復康中心) 延展照顧計劃
Extended Care Programme
(RE48)","新界葵涌葵盛圍310號
310 Kwai Shing Circuit, Kwai Chung, N.T.",phhirc@poleungkuk.org.hk,"3980 9688
(3980 9633)","李浩淇
Dick Lee",dick.lee@poleungkuk.org.hk,"2.2015 (原名額10)
11.2018起 (增收15人)",25 (男女),50歲或以上,-
R-ABOT,社署資助,新界,康復服務,專職醫療服務,康服支援服務,駐機構職業治療服務,"駐機構職業治療服務
Agency-based Occupational Therapy Service 
(RE15)","新界葵涌葵盛圍310號
310 Kwai Shing Circuit, Kwai Chung, N.T.",abot@poleungkuk.org.hk,"3980 9688
(3980 9633)","李浩淇
Dick Lee",dick.lee@poleungkuk.org.hk,4.1996,本局康復學員,15歲或以上,-
R-ABST,社署資助,新界,康復服務,專職醫療服務,康服支援服務,駐機構言語治療服務,"駐機構言語治療服務
Agency-based Speech Therapy Service
(RE49)  ","新界葵涌葵盛圍310號
310 Kwai Shing Circuit, Kwai Chung, N.T.",absts@poleungkuk.org.hk,"3980 9688
(3980 9633)","李浩淇
Dick Lee",dick.lee@poleungkuk.org.hk,3.2019,本局康復學員,15歲或以上,-
R-SPED,社署資助,新界,康復服務,殘疾僱員支援服務,康服支援服務,殘疾僱員支援計劃,"殘疾僱員支援計劃
Support Programme for Employees with Disabilities      (RE35)","新界沙田顯徑邨顯富樓地下A及B翼
Wing A & B, G/F Hin Fu House, Hin Keng Estate, Shatin, N.T.",sped@poleungkuk.org.hk,"3980 9677
(3980 9633)","黃子業
Wong Tsz Yip",tszyip.wong@poleungkuk.org.hk,4.2013,-,-,-
R-SSP,社署資助,九龍,康復服務,康復-院舍,康復-院舍,深水埗綜合復康中心,"深水埗綜合復康中心
Sham Shui Po Integrated Rehabilitation Centre
(RE38)","九龍深水埗石硤尾邨服務設施大樓四樓及五樓
4/F & 5/F, Ancillary Facilities Block, Shek Kip Mei Estate, Sham Shui Po, Kowloon",sspirc@poleungkuk.org.hk,"3568 7853
(3568 7859)","方肇聰
Dennis Fong
(署任)",-,10.2014,"104 住宿 (男女)
53 日間服務 (男女)
6 偶然暫宿","15歲或以上
15歲或以上
6歲或以上",-
R-SSP,社署資助,九龍,康復服務,康復延展照顧服務,康復-院舍,(深水埗綜合復康中心) 延展照顧計劃,"(深水埗綜合復康中心) 延展照顧計劃
Extended Care Programme","九龍深水埗石硤尾邨服務設施大樓四樓及五樓
4/F & 5/F, Ancillary Facilities Block, Shek Kip Mei Estate, Sham Shui Po, Kowloon",sspirc@poleungkuk.org.hk,"3568 7853
(3568 7859)","方肇聰
Dennis Fong
(署任)",-,"12.2024
(轉名額10)",10 (男女),50歲或以上,
"R-ABCP
R-PSY",社署資助,新界,康復服務,專職醫療服務,康服支援服務,臨床心理服務,"臨床心理服務
Clinical Psychological Service
(RE14)","新界沙田大圍悠定街九號
9 Yau Ting Street, Tai Wai, Shatin, N.T.",-,"2277 8392
(2890 2097)","葉鍵池
Patrick Yip",patrick.kc.yip@poleungkuk.org.hk,4.1996,本局康復學員,6歲或以上,-
R-TKP,自資,新界,康復服務,康復家居/社區支援服務單位,康服支援服務,田家炳康復支援中心,"田家炳康復支援中心
Tin Ka Ping Rehabilitation Support Centre
(RE27)","新界沙田顯徑邨顯富樓地下A及B翼
Wing A & B, G/F Hin Fu House, Hin Keng Estate, Shatin, N.T.",tkprsc@poleungkuk.org.hk,"3525 1013
(3525 1041)","葉鍵池
Patrick Yip",patrick.kc.yip@poleungkuk.org.hk,3.2008,Open Membership,不限年齡,-
R-DSC-ST,社署資助,新界,康復服務,康復家居/社區支援服務單位,康服支援服務,地區支援中心 (沙田),"地區支援中心 (沙田)
District Support Centre (Shatin)
(RE29)","新界沙田馬鞍山恆安邨恆海樓地下17-24室
Units 17-24, G/F, Heng Hoi House, Heng On Estate, Ma On Shan, Shatin, N.T.",dscs@poleungkuk.org.hk,"3749 9311
(3741 2603)","林冠達
Edwin Lam",kwuntat.lam@poleungkuk.org.hk,"1.2009 (開辦)
3.2012 (遷址)",Open Membership,不限年齡,-
R-HCARE-NT,社署資助,新界,康復服務,康復家居/社區支援服務單位,康服支援服務,嚴重殘疾人士家居照顧服務(新界區),"嚴重殘疾人士家居照顧服務(新界區)
Home Care Service for Persons with Severe Disabilities (NT)
(RE39)","天瑞: 
新界天水圍天瑞社區中心四樓
4/F Tin Shui Community Centre, Tin Shui Wai, N.T.",homecare.nt@poleungkuk.org.hk,"2154 3818
(2154 3889)","廖國君
Calvin Liu","	kwokkwan.liu@poleungkuk.org.hk",3.2014,550,-,-
R-SPDS-NT,社署資助,新界,康復服務,康復家居/社區支援服務單位,康服支援服務,嚴重肢體傷殘人士綜合支援服務(新界區),"嚴重肢體傷殘人士綜合支援服務(新界區)
Integrated Support Service for Persons with Severe Physical Disabilities (NT)
(RE40)","青衣: 
新界青衣青衣路18號青富苑青隆閣地下低層2樓
LG2/F, Ching Lung House, Ching Fu Court, 18 Tsing Yi Road, Tsing Yi, N.T.

大埔:
新界大埔頌雅路11號富蝶邨社會服務大樓地下低層
LG/F, Social Service Building, Fu Tip Estate,11 Chung Nga Road, Tai Po, N.T.",iss.nt@poleungkuk.org.hk,"3547 1171
(3547 1170)


2784 1662
(2784 1202)","黃欣懿
Tiffany Wong",tiffany.yy.wong@poleungkuk.org.hk,11.2014,"475 (服務)
不限(基金申請)",-,-
R-SPU-KLE,社署合約金,九龍,康復服務,失業受助人士支援計劃,康服支援服務,失業受助人士支援計劃(九龍東),"失業受助人士支援計劃(九龍東)
Support Programme for the Unemployed (Kowloon East)","九龍觀塘翠屏邨翠桐樓地下
G/F, Tsui Tung House, Tsui Ping Estate, Kwun Tong, Kowloon",spu.kle@poleungkuk.org.hk,"2126 7623 / 2126 7624
(3013 8930 / 3013 9835)","張煒恩
Cheung Wai Yan",wy.cheung@poleungkuk.org.hk,10.2025,不限,15-59 歲,
R-SPU-NTW,社署合約金,新界,康復服務,失業受助人士支援計劃,康服支援服務,失業受助人士支援計劃(新界西),"失業受助人士支援計劃(新界西)
Support Programme for the Unemployed (New Territories West)","新界天水圍天澤邨澤宇樓地下
G/F, Chak Yu House, Tin Chak Estate, Tin Shui Wai, N.T.",spu.ntw@poleungkuk.org.hk,"3480 2971 / 3480 2972
(3010 8162 / 3011 9548)","梁美詩
Macy Leung","	macy.leung@poleungkuk.org.hk",10.2025,不限,15-59 歲,
R-GEAST,環保署,香港,康復服務,環保項目,環保項目,綠在東區,"綠在東區
GREEN@EASTERN
(RE54)","香港筲箕灣愛信道30號
30 Oi Shun Road, Shau Kei Wan, Hong Kong",ecgs@poleungkuk.org.hk,"2778 2330
(2778 2782)","龍淑霞
Ronnie Lung",ronnie.lung@poleungkuk.org.hk,4.2015,-,-,-
R-GSSP,環保署,九龍,康復服務,環保項目,環保項目,綠在深水埗,"綠在深水埗
GREEN@SHAM SHUI PO
(RE53)","九龍深水埗通州街339號
339 Tung Chau Street, Sham Shui Po, Kowloon",sspcgs@poleungkuk.org.hk,"2522 4388
(2522 4500)","倫景淘
Alvin Lun","	kingto.lun@poleungkuk.org.hk",4.2017,-,-,-
R-DELISH,自資,新界,康復服務,社會企業,社會企業,一點回味,"一點回味
Delish One
(RE37)","新界天水圍天晴邨天晴社區綜合服務大樓5樓507室
Unit 507, 5/F, Tin Ching Amenity and Community Building, Tin Ching Estate, Tin Shui Wai, N.T.",delishone@poleungkuk.org.hk,"6414 4676

門巿：
3464 0935
(3464 0937)","林艷芳
Dawn Lam",dawn.lam@poleungkuk.org.hk,2.2015,-,-,-
R-DOK,自資,香港,康復服務,社會企業,社會企業,「一點回味」廚房 ,"「一點回味」廚房 
Delish One Kitchen","香港柴灣新業街6號安力工業中心24樓2412室
Rm 2412, 24/F Honour Industrial Centre, 6 Sun Yip Street, Chai Wan, Hong Kong

廚房
香港柴灣新業街6號安力工業中心17樓1715室",delishonekitchen@poleungkuk.org.hk,"3702 0354
(3704 7193)","蘇文輝
So Man Fai",mf.so@poleungkuk.org.hk,7.2022,-,-,-
R,自資,新界,康復服務,社會企業,社會企業, 一同手作," 一同手作
Artsy One
(RE44)",-,artsyone@poleungkuk.org.hk,-,"蔡啟然
Choi Kai Yin",kaiyin.choi@poleungkuk.org.hk,"11.2016(開辧)
8.2021(轉營)",-,-,-
E-LCSPD,社署資助,九龍,安老服務,長者日間中心,長者日間中心,保良局劉陳小寶長者地區中心 (ES19),"保良局劉陳小寶長者地區中心 (ES19)
Po Leung Kuk Lau Chan Siu Po District Elderly Community Centre","九龍藍田碧雲道223號德田邨藍田社區綜合大樓一樓及德欣樓地下B翼
1/F Lam Tin Community Complex & G/F Tak Yan House, Tak Tin Estate, 223 Pik Wan Road, Lam Tin, Kowloon",taktin.decc@poleungkuk.org.hk,"2177 6299
(2177 6121)","張翠韻
Cheung Chui Wan, Victoria",victoria.cheung@poleungkuk.org.hk,6.2005,"公開招收
會員","60歲或以上/
645平方米",-
E-LCSP-N,社署資助,九龍,安老服務,長者日間中心,長者日間中心,保良局劉陳小寶耆暉中心 (ES01),"保良局劉陳小寶耆暉中心 (ES01)
Po Leung Kuk Lau Chan Siu Po Neighbourhood Elderly Centre","九龍觀塘樂華南邨輝華樓地下109-120室
Rm 109-120, G/F, Fai Wah House, Lok Wah South Estate, Kwun Tong, Kowloon

九龍觀塘樂華北邨立華樓地下101-102, 105-108室
Rm 101-102, 105-108, G/F, Lap Wah House, Lok Wah North Estate, Kwun Tong, Kowloon",lauchan.nec@poleungkuk.org.hk,"樂華南邨輝華樓:
2796 1129
2796 1120
(2796 1113)
樂華北邨立華樓:
2755 5073","楊幗玲
Yeung Kwok Ling, Becky",becky.yeung@poleungkuk.org.hk,2.1987,"公開招收
會員","60歲或以上/
輝華樓: 334平方米
立華樓: 243平方米",-
E-CKL-N,社署資助,新界,安老服務,長者日間中心,長者日間中心,保良局曹金霖夫人耆暉中心(ES03),"保良局曹金霖夫人耆暉中心(ES03)
Po Leung Kuk Mrs. Chao King Lin Neighbourhood Elderly Centre","新界青衣長發邨長發社區中心一樓
1/F, Cheung Fat Community Centre, Cheung Fat Estate, Tsing Yi, N.T

新界青衣長發邨敬發樓地下102室
Rm102, G/F, King Fat House, Cheung Fat Estate,
Tsing Yi, N.T.",chaokinglin.nec@poleungkuk.org.hk,"長發社區中心:
2433 5822
(2435 5078)
敬發樓:
2433 7300
(2433 6078)","劉海燕
Lau Hoi Yin,Vicky",vicky.hy.lau@poleungkuk.org.hk,1.1990,"公開招收
會員","60歲或以上/
長發社區中心: 105平方米
敬發樓: 237平方米",-
E-CKT-N,社署資助,九龍,安老服務,長者日間中心,長者日間中心,保良局莊啟程耆暉中心 (ES08),"保良局莊啟程耆暉中心 (ES08)
Po Leung Kuk Vicwood K.T. Chong Neighbourhood Elderly Centre","九龍將軍澳貿泰路八號茵怡花園第一座平台一樓
Block 1, Podium Level 1, Verbena Heights, 8 Mau
Tai Road, Tseung Kwan O, Kln.",vicwoodchong.nec@poleungkuk.org.hk,"2997 0206
 (2997 0236)","周順安
Chow Shun On, Thomas
(署任中心主任)",shunon.chow@poleungkuk.org.hk,1.1998,"公開招收
會員","60歲或以上/
220.623平方米",-
E-LYYS-N,社署資助,九龍,安老服務,長者日間中心,長者日間中心,保良局盧邱玉霜耆暉中心 (ES11),"保良局盧邱玉霜耆暉中心 (ES11)
Po Leung Kuk Lo Yau Yuk Sheung Neighbourhood Elderly Centre","九龍油麻地彌敦道570-572號基利商業大廈三樓
3/F, Kelly Commercial Centre, 570-572 Nathan Road Yaumati, Kowloon",loyau.nec@poleungkuk.org.hk,"2782 0220
(2771 7166)","蔡淑華
Tsoi Shuk Wa, Emily","	emily.tsoi@poleungkuk.org.hk",9.1996,"公開招收
會員","60歲或以上/
216.2平方米",-
E-WYC-N,社署資助,九龍,安老服務,長者日間中心,長者日間中心,保良局黃祐祥紀念耆暉中心 (ES17),"保良局黃祐祥紀念耆暉中心 (ES17)
Po Leung Kuk Wong Yau Cheung Memorial Neighbourhood Elderly Centre","九龍將軍澳翠林邨欣林樓地下A翼109-116室
Unit 109-116,Wing A, G/F., Yan Lam House, Tsui Lam Estate, Tseung Kwan O, Kowloon",wycm.nec@poleungkuk.org.hk,"2702 3434
2623 7039
 (2706 4361)","連得輝
Lin Tak Fai,",tf.lin@poleungkuk.org.hk,4.2003,"公開招收
會員",60歲或以上/ 360平方米,-
E-WLMY-N,社署資助,九龍,安老服務,長者日間中心,長者日間中心,保良局溫林美賢耆暉中心 (ES38),"保良局溫林美賢耆暉中心 (ES38)
Po Leung Kuk Wan Lam May Yin Shirley Neighbourhood Elderly Centre","九龍九龍城沐虹街12號晴朗商場二樓A206舖
Shop A206,2/F, Ching Long Shopping Centre, 12 Muk Hung Street, Kowloon City, Kowloon ",shirleywan.nec@poleungkuk.org.hk,"2897 6608
(2896 5878)","蔡國輝
Choi Kwok Fai Johnson",johnson.choi@poleungkuk.org.hk,3.2014,公開招收,"60歲或以上/
423平方米",-
E-JOLLYNET,社署資助,九龍,安老服務,長者日間中心,長者日間中心,保良局棨儀喜悦薈 (ES49),"保良局棨儀喜悦薈 (ES49)
Po Leung Kuk Kai Yee Jolly Net","將軍澳至善街5號將軍澳南服務設施大樓1樓
1/F, Tseung Kwan O South Ancillary Facilities Block, 5 Chi Shin Street, Tseung Kwan O",jollynet@poleungkuk.org.hk,"2743 8466
(2743 8468)",待聘,,11.2021,公開招收會員,"60或以上 / 
400平方米",-
E-CWPQHJN,社署資助,新界,安老服務,長者日間中心,長者日間中心,保良局張惠萍皇后山喜悦薈(ES56),"保良局張惠萍皇后山喜悦薈(ES56)
Po Leung Kuk Cheung Wai Ping Queens Hill Jolly Net","新界粉嶺龍峻路6 號皇后山社區綜合 大樓 1 樓
1/F, Queens Hill Community Complex, 6 Lung Chun Road, Fanling, NT",queenshill.nec@poleungkuk.org.hk,"2555 0890
(2555 0183)","吳頴芝
Ng Wing Chi, Gigi
(兼任中心主任至另行通知)",wc.ng@poleungkuk.org.hk,2.2023,公開招收會員,"60歲或以上 / 
418平方米",
E-CFJONET,社署資助,新界,安老服務,長者日間中心,長者日間中心,保良局青富喜悦薈（ES58）,"保良局青富喜悦薈（ES58）
Po Leung Kuk Ching Fu Jolly Net","青衣青衣路18號青富苑青隆閣地下低層3樓
LG 3/F, Ching Lung House, Ching Fu Court, 18 Tsing Yi Road, Tsing Yi",chingfu.jollynet@poleungkuk.org.hk,"2120 1688
(2120 1616)","孫嘉毅
Suen Ka Ngai, Derek",derek.suen@poleungkuk.org.hk,07.2025,"公開招收
會員","60歲或以上 / 
386平方米",
E-FTYL,自資,九龍,安老服務,長者日間中心,長者日間中心,保良局方譚遠良健樂中心 (ES10),"保良局方譚遠良健樂中心 (ES10)
Po Leung Kuk Fong Tam Yuen Leung Health Enhancement Centre for the Senior","九龍觀塘秀茂坪曉麗苑商場106號
Unit 106, Commercial Complex, Hiu Lai Court, Sau Mau Ping, Kwun Tong, Kowloon",fongtam.hc@poleungkuk.org.hk,"2340 4712
2952 5601
(2952 5761)","李嘉峰
Li Ka Fung, Kyle
(署任中心主任)",kafung.li@poleungkuk.org.hk,6.1997,"公開招收
會員","50歲或以上/
214平方米",-
E-MC,自資,九龍,安老服務,長者日間中心,長者日間中心,保良局張麥珍耆樂中心 (ES13),"保良局張麥珍耆樂中心 (ES13)
Po Leung Kuk Mrs. Maria Cheung Lifelong Learning Institute for the Senior","九龍鑽石山龍蟠街1號悅庭軒地下
Ground Floor, Bel Air Heights No. 1, Lung Poon Street, Diamond Hill, Kln.",mariacheung.lc@poleungkuk.org.hk,"2242 2827
(2242 2961)","鍾顯亮
Chung Hin Leung, Justin",hinleung.chung@poleungkuk.org.hk,1. 2000,"公開招收
會員","50歲或以上/
222平方米",-
E-TKPFJ,自資,新界,安老服務,長者日間中心,長者日間中心,保良局田家炳長幼天地  (ES26),"保良局田家炳長幼天地  (ES26)
Po Leung Kuk Tin Ka Ping Family Joy Centre","新界沙田秦石邨石暉樓地下2號
No.2, G/F, Shek Fai House, Chun Shek Estate, Shatin",familyjoy@poleungkuk.org.hk,"2692 2600
(2692 8802)","謝小霞
Tse Siu Ha",sh.tse@poleungkuk.org.hk,2.2009,"公開招收
會員","家庭會藉
及個人會藉(不限年齡) / 199平方米",-
E-LHS,自資,新界,安老服務,長者日間中心,長者日間中心,保良局劉漢宣紀念長幼天地 (ES32),"保良局劉漢宣紀念長幼天地 (ES32)
Po Leung Kuk Lau Hon Shuen Memorial Family Joy Centre","新界葵涌葵涌邨合葵樓地下1-4及18-19號
No.1-4 & 18,19, Hop Kwai House, Kwai Chung Estate, Kwai Chung, N.T.",kcfjc@poleungkuk.org.hk,"3998 4550
(3998 4551)","魏宇玲
Ngai Yu Ling",yl.ngai@poleungkuk.org.hk,11.2014,"公開招收
會員","家庭會藉
及個人會藉(不限年齡) / 275平方米",-
E-CPCE,自資,九龍,安老服務,長者日間中心,長者日間中心,保良局華永會生命教育及長者支援中心 (ES35),"保良局華永會生命教育及長者支援中心 (ES35)
Po Leung Kuk BMCPC Life Education and Elderly Support Centre","九龍觀塘雲漢邨漢柏樓地下5號
Unit 5, G/F, Hon Pak House, Wan Hon Estate, Kwun Tong, Kln.",bmcpc@poleungkuk.org.hk,"3690 2291
(3690 2294)","黎詠溮
Lai Wing Sze, Simba",wingsze.lai@poleungkuk.org.hk,1.4.2013,公開招收,"不限年齡
294平方米",-
E-TTPROACT,社署資助,香港,安老服務,長者日間中心,長者日間中心,保良局天德長者援手網絡中心 (ES15),"保良局天德長者援手網絡中心 (ES15)
Po Leung Kuk Tian Teck Proactive Concern Centre for the Elderly","香港西環卑路乍街8號1樓平台
Podium Level 1, 8 Belcher’s Street, Western, Hong Kong",eldcom.watch@poleungkuk.org.hk,"2542 7765
(2542 7769)","葉佩珊
Yip Pui Shan, Ashley",ashley.yip@poleungkuk.org.hk,6.2002,"公開招收
會員","不限/
250.1平方米",-
E-CABY,社署資助,香港,安老服務,安老院舍,安老院舍,保良局陳區碧茵頤養院 (ES04),"保良局陳區碧茵頤養院 (ES04)
Po Leung Kuk Chan Au Big Yan Home for the Elderly","香港西環卑路乍街12號
12 Belcher's Street, Kennedy Town, H.K. ",chanaubigyan@poleungkuk.org.hk,"2817 1858
(2818 3174)","鄭紫珊
Cheng Tsz Shan, Sylvia",sylvia.ts.cheng@poleungkuk.org.hk,10.1991,護理: 83,"65歲或以上/
758平方米",-
E-AGING,社署資助,香港,安老服務,長者日間護理中心,長者日間中心,保良局頤康長者日間護理中心 (ES15),"保良局頤康長者日間護理中心 (ES15)
Po Leung Kuk Ageing Well Day Care Centre","香港西環卑路乍街12號
12 Belcher's Street, Kennedy Town, H.K.",chanaubigyan@poleungkuk.org.hk,"2817 1858
(2818 3174)","鄭紫珊
Cheng Tsz Shan, Sylvia",sylvia.ts.cheng@poleungkuk.org.hk,6.2002,20,60歲或以上,-
E-ATKK,社署資助,香港,安老服務,安老院舍及長者日間護理中心,安老院舍,保良局黃竹坑護理安老中心,"保良局黃竹坑護理安老中心
 Po Leung Kuk Wong Chuk Hang Service for the Elderly
 - 甲子護理安老院 (ES06)
    1984 Care and Attention Home
 - 胡陳金枝安老院
    Madam Aw Tan Kyi Kyi Home For the Aged
 - 八二總理老人日間護理中心 (ES05) 
   1982 Board of Directors Day Care Centre for the Elderly","香港仔黃竹坑黃竹坑徑1號
No.1, Wong Chuk Hang Path, Wong Chuk Hang, Aberdeen, Hong Kong",84home@poleungkuk.org.hk,"2554 0020
(2518 7506)","蘇卓蓮
So Cheuk Lin, Grace",cheuklin.so@poleungkuk.org.hk,2.1994,"護理: 117
 
日間: 44","65歲或以上/
5,037平方米

日間: 60歲或以上",-
E-SM,社署資助,九龍,安老服務,安老院舍,安老院舍,保良局蕭明紀念護老院 (ES07),"保良局蕭明紀念護老院 (ES07)
Po Leung Kuk Siu Ming Memorial Home cum Care & Attention Unit","九龍藍田廣田邨廣軒樓及廣雅樓地下及1字樓
G/F & 1/F, Kwong Hin House & Kwong
Ngar House, Kwong Tin Est., Lam Tin, Kowloon",siuming@poleungkuk.org.hk,"2349 4800
(2952 9867)","張芷頴
Chueng Chi Wing, Vera",chiwing.cheung@poleungkuk.org.hk,10.1994,護理: 137,"65歲或以上/ 2,864平方米",-
E-MERRY,社署合約金,九龍,安老服務,安老院舍,安老院舍,保良局壬午年耆樂居 (ES16),"保良局壬午年耆樂居 (ES16)
Po Leung Kuk Merry Court for the Senior","九龍何文田邨采文樓及綺文樓地下及一樓
G/F & 1/F, Choi Man House & Yee Man House, Ho Man Tin Estate, Kowloon",merrycourt@poleungkuk.org.hk,"2242 1713
(2242 1579)","林英好
Lin Ying Hao
(署任直至另行通知)",yh.lin@poleungkuk.org.hk,11.2002,"護理及護養:
110 (資助)
38 (非資助)","65歲或以上/
2,992平方米",-
E-ECO,社署合約金,九龍,安老服務,安老院舍及長者日間護理中心,安老院舍,保良局癸未年樂頤居暨耆安長者日間護理中心 (ES18),"保良局癸未年樂頤居暨耆安長者日間護理中心 (ES18)
Po Leung Kuk Eco-Home for the Senior cum Sunny Green Day Care Centre for the Senior","九龍深水埗富昌邨富潤樓平台(部分)及二樓
Podium Level (part) and Level 2, Fu Yun House,
Fu Cheong Estate, Sham Shui Po, Kowloon",ecoh@poleungkuk.org.hk,"2267 4579
(2267 4250)","曾永賢
Tsang Wing Yin, Nelson",nelson.wy.tsang@poleungkuk.org.hk,2.2004,"護理及護養:
71 (資助)
69 (非資助)
日間: 25
暫托:4","護理及護養: 65歲或以上         2,485平方米

日間: 60歲或以上
",-
E-COMFORT,社署合約金,新界,安老服務,安老院舍及長者日間護理中心,安老院舍,保良局樂安居暨耆盛長者日間護理中心 (ES21),"保良局樂安居暨耆盛長者日間護理中心 (ES21)
Po Leung Kuk Comfort Court for the Senior cum Evergreen Day Care Centre for the Elderly","新界葵涌葵盛東邨盛和樓地下(部分)及二樓(部分)至七樓
G/F(part) and 2/F(part) to 7/F, Shing Wo House, Kwai Shing East Estate, Kwai Chung, N.T",comfortcourt@poleungkuk.org.hk,"院舍: 3520 2770
日間中心: 3520 2711
(3520 2771)","黃如意
Huang Ru Yi",ry.huang@poleungkuk.org.hk,8.2006,"護理及護養:
144 (資助)
96 (非資助)
日間: 25
暫托:5","65歲或以上/
5,292平方米

日間: 60歲或以上",-
E-TYH,社署合約金,新界,安老服務,安老院舍及長者日間護理中心,安老院舍,保良局天恩護老院暨耆昌長者日間護理中心 (ES22),"保良局天恩護老院暨耆昌長者日間護理中心 (ES22)
Po Leung Kuk Tin Yan Home for the Elderly cum Green Joy Day Care Centre for the Elderly","新界天水圍天恩邨服務設施大樓三樓及四樓
3/F & 4/F, Ancillary Facilities Block, Tin Yan Estate, Tin Shui Wai, N.T.",tinyanhome@poleungkuk.org.hk,"3741 0850
(3741 0851)","方綽暘 
Fong Cheuk Yeung, James",james.cy.fong@poleungkuk.org.hk,1.2008,"護理及護養:
74 (資助)
32 (非資助)
日間: 27
暫托:4","護理及護養: 65歲或以上


日間: 60歲或以上
2,176平方米",-
E-KLKC,社署合約金,香港,安老服務,安老院舍,安老院舍,保良局郭羅桂珍護老院 (ES23),"保良局郭羅桂珍護老院 (ES23)
Po Leung Kuk Kwok Law Kwai Chun Home for the Elderly","香港上環高陞街28號地下至四樓及部分天台
G/F to 4/F and Portion of Roof, 28 Ko Shing Street, Sheung Wan, Hong Kong",klkchome@poleungkuk.org.hk,"2858 6233
(2858 7133)","黃梓謙
Wong Tsz Him","	tszhim.wong@poleungkuk.org.hk",3.2009,"護理及護養:
43 (資助)
43 (非資助)
(1.12.2023生效)","65歲或以上/
1,721平方米",-
E-TC,社署合約金,新界,安老服務,安老院舍,安老院舍,保良局東涌護老院 (ES28 ),"保良局東涌護老院 (ES28 )
Po Leung Kuk Tung Chung Home for the Elderly","新界東涌文東路39號東涌市政大樓地下至2字樓部份及3字樓至5字樓
Portions of G/F to 2/F, and 3/F to 5/F, Tung Chung Municipal Services Building, 39 Man Tung Road, Tung Chung, New Territories",tungchunghome@poleungkuk.org.hk,"2109 2038
(2109 2032)","練偉敬
Lin Wai King",waiking.lin@poleungkuk.org.hk,1.10.2011,"護理及護養:
75 (資助)
42 (非資助)","65歲或以上/
3,374平方米",-
E-TKTC,社署合約金,九龍,安老服務,安老院舍及長者日間護理中心,安老院舍,保良局大角咀護老院暨耆順長者日間護理中心 (ES33 ),"保良局大角咀護老院暨耆順長者日間護理中心 (ES33 )
Po Leung Kuk Tai Kok Tsui Home for the Elderly cum Cherish Day Care Centre for the Elderly","九龍大角咀道九號三樓及五樓
3/F and 5/F , No.9, Tai Kok Tsui Road, Kowloon",tktc@poleungkuk.org.hk,"2796 3766
(2796 3722)","吳振鋒
Ng Chun Fung",chunfung.ng@poleungkuk.org.hk,1.10.2012,"護理及護養:
56 (資助)
35(非資助)
日間: 20
暫托:5","65歲或以上/
1,657平方米

日間: 60歲或以上",-
E-SYP,社署合約金,香港,安老服務,安老院舍及長者日間護理中心,安老院舍,保良局西營盤護老院暨長者日間護理中心 (ES34 ),"保良局西營盤護老院暨長者日間護理中心 (ES34 )
Po Leung Kuk Sai Ying Pun Home for the Elderly cum Day Care Centre for the Elderly","香港西營盤第一街8號地下、1樓、2樓、3樓及5樓(各樓層部分)
Part of G/F, 1/F, 2/F, 3/F, and 5/F, 8 First Street, Sai Ying Pun, Hong Kong",syphome@poleungkuk.org.hk,"2796 3166
(2796 3177)","吳海燕
Ng Ho Yin, Gail",hoyin.ng@poleungkuk.org.hk,7.2013,"護理及護養:
57(資助)
36(非資助)
日間:25
暫托: 5","65歲或以上/
1,792平方米

日間:60歲或以上",-
E-WCHD,社署合約金,香港,安老服務,安老院舍及長者日間護理中心,安老院舍,保良局灣仔護老院暨長者日間護理中心(ES43),"保良局灣仔護老院暨長者日間護理中心(ES43)
Po Leung Kuk Wan Chai Home for the Elderly cum Day Care Centre for the Elderly","香港灣仔交加街7號A水平1.2層(部分)、地下(部分)、閣樓(部分)、一樓(部分)、二樓、三樓及五樓(部分)
Portion of Level 1.2(Below Ground), G/F, M/F, 1/F and 5/F, 2/F and 3/F, 7A Cross Street, Wan Chai, Hong Kong",wanchaihome@poleungkuk.org.hk,"2618 1130
(2618 1737)","林俊賢
Lam Chun Yin, Jerry",chunyin.lam@poleungkuk.org.hk,9.2016,"護理及護養:
60 (資助)
33(非資助)
日間:20
暫托: 3","65歲或以上/
1,569平方米                                              

日間: 60歲或以上",-
E-SMHD,社署合約金,新界,安老服務,安老院舍及長者日間護理中心,安老院舍,保良局碩門護老院暨長者日間護理中心 (ES55),"保良局碩門護老院暨長者日間護理中心 (ES55)
Po Leung Kuk Shek Mun Home cum Day Care Centre for the Elderly
","新界沙田石門安睦街18號碩門邨社會服務大樓地下部份及一至四樓部份
G/F(Portion), 1/F(Portion), 2/F(Portion), 3/F(Portion),4/F(Portion), Shek Mun Estate Social Service Building, 18 On Muk Street, Shek Mun, Sha Tin, New Territories.
",smhd@poleungkuk.org.hk,"2548 5800
(2802 7866)","鍾碧嘉
Chung Pik Ka, Eva",pk.chung@poleungkuk.org.hk,08.2022,"護理及護養:
90 (資助)
60(非資助)
日間: 30
暫托:3","65歲或以上/
2,735平方米

日間: 60歲或以上",
E-CHP,社署資助,九龍,安老服務,長者日間護理中心,長者日間中心,保良局周鴻標老人日間護理中心 (ES02),"保良局周鴻標老人日間護理中心 (ES02)
Po Leung Kuk Chow Hung Piu Day Care Centre for the Elderly
 ","九龍大角咀海輝道11號奧海城政府服務中心閣樓
M/F, GIC Building, Olympian City, 11 Hoi Fai Road, Tai Kok Tsui, Kowloon",chowhungpiu@poleungkuk.org.hk,"2398 0903
2398 0904
(2395 9767)","傅錦雪
Foo Kam Suet",ks.foo@poleungkuk.org.hk,1.1990,44,"60歲或以上/
333平方米",-
E-CLYW,社署資助,九龍,安老服務,長者日間護理中心,長者日間中心,保良局朱李月華長者日間護理中心 (ES31),"保良局朱李月華長者日間護理中心 (ES31)
Po Leung Kuk Chu Lee Yuet Wah Day Care Centre for the Elderly","九龍深水埗白田邨白田街51號健田樓地下
G/F, Kin Tin House, Pak Tin Estate, 51 Pak Tin Street, Sham Shui Po, Kowloon",shamshuipo@poleungkuk.org.hk,"2779 4418
2779 4428
(2779 4438)","高浣施
Ko Wun Sze, Ivy",ws.ko@poleungkuk.org.hk,3.2012,72,"60歲或以上
670平方米",-
E-KBKL,社署資助,九龍,安老服務,長者日間護理中心,長者日間中心,保良局顧卞裘莉長者日間護理中心(ES37),"保良局顧卞裘莉長者日間護理中心(ES37)
Po Leung Kuk Koo Bin Kau Lee Day Care Centre for the Elderly","九龍觀塘牛頭角下邨貴月樓及貴顯樓地下
G/F, Kwai Yuen House & kwai Hin House, Lower Ngau Tau Kok Estate, Kwun Tong, Kowloon",ntkdcce@poleungkuk.org.hk,"3565 4703
(35654706)","潘夏慧
Barbara Poon
(署任中心主任)",barbara.poon@poleungkuk.org.hk,12.2013,57,"60歲或以上
491平方米",-
E-MKMCFSD,社署資助,新界,安老服務,長者日間護理中心,長者日間中心,保良局馬錦明馬章馥仙長者日間護理中心  (ES47),"保良局馬錦明馬章馥仙長者日間護理中心  (ES47)
Po Leung Kuk Ma Kam Ming Ma Cheung Fook Sien Day Care Centre for the Elderly","新界荃灣沙咀道376號尚翠苑
Sheung Chui Court, 376 Sha Tsui Road, Tsuen Wan, N.T.",tsuenwan@poleungkuk.org.hk,"2368 4300
(2368 5048)","秦妙藍
Chun Miu Lam, Deborah",ml.chun@poleungkuk.org.hk,3.2018,88,"60歲或以上
666平方米",-
E-LEHC-YTM,社署資助,九龍,安老服務,外展照顧服務,外展照顧服務,保良局油尖旺家居照顧服務隊 (ES50),"保良局油尖旺家居照顧服務隊 (ES50)
Po Leung Kuk Yau Tsim Mong Home  Care Services Team","九龍佐敦道51號利僑大廈10樓C-D室 (1003-4)
No. C-D (1003-4) on 10/F of Lee Kiu Building, 51 Jordan Raod, Kowloon",hcst.ytm@poleungkuk.org.hk,"3565 1912
(3460 4977)","陳若祺
Chan Ieok Ki, Carey",carey.chan@poleungkuk.org.hk,9.2020,210,65歲或以上,-
E-LEHCC-YL,社署資助,新界,安老服務,外展照顧服務,外展照顧服務,保良局元朗家居照顧服務隊(ES51),"保良局元朗家居照顧服務隊(ES51)
Po Leung Kuk Yuen Long Home  Care Services Team","新界屯門建發里4號 Lane Up 502室
Unit 502, 4 Kin Fat Lan, Lane Up, Tuen Mun, N.T",hcst.yl@poleungkuk.org.hk,"3956 8482
(3956 8485)","陳少茵
Chan Siu Yan, Christine",siuyan.chan@poleungkuk.org.hk,9.2020,101,65歲或以上,-
E-LEHCC-TW,社署資助,新界,安老服務,外展照顧服務,外展照顧服務,保良局荃灣家居照顧服務隊(ES52),"保良局荃灣家居照顧服務隊(ES52)
Po Leung Kuk Tsuen Wan Home  Care Services Team","葵涌貨櫃碼頭路77-81號 Magnet Place 第一座三樓 03-04室
Unit 303 & 304, 3/F, To+[@地址]wer 1, Magnet Place, 77-81 Container Port Road, Kwai Chung, New Territories, Hong Kong",hcst.tw@poleungkuk.org.hk,"2873 0050
(2401 3111)","黃泓峻
Wong Wang Chun, Welton ",wangchun.wong@poleungkuk.org.hk,9.2020,183,65歲或以上,-
E-LEHC-KT1,社署資助,新界,安老服務,外展照顧服務,外展照顧服務,保良局葵青家居照顧服務隊(ES53),"保良局葵青家居照顧服務隊(ES53)
Po Leung Kuk Kwai Tsing Home  Care Services Team","新界葵涌貨櫃碼頭路77-81號 Magnet Place 第一座三樓 03-04室
Unit 303 & 304, 3/F, Tower 1, Magnet Place, 77-81 Container Port Road, Kwai Chung, New Territories, Hong Kong



葵涌荔景邨明景樓低層2樓1-6號
Unit No.1-6, LG 2/F, Ming King House, Lai King Estate, Kwai Chung, N.T.",hcst.kt@poleungkuk.org.hk,"2614 2911
(2401 3111)

2873 0555
(2401 3111)

2292 3600","林奕軒
Lam Yik Hin, Ivan

劉小玲
Lau Siu Ling, Jessica","ivan.lam@poleungkuk.org.hk


sl.lau@poleungkuk.org.hk",9.2020,520,65歲或以上,-
E-LEHCC-TM,社署資助,新界,安老服務,外展照顧服務,外展照顧服務,保良局屯門家居照顧服務隊(ES54),"保良局屯門家居照顧服務隊(ES54)
Po Leung Kuk Tuen Mun Home  Care Services Team","新界屯門建發里4號 Lane Up 502室
Unit 502,4 Kin Fat Lan, Lane Up, Tuen Mun, N.T",hcst.tm@poleungkuk.org.hk,"3956 8482
(3956 8485)","陳少茵
Chan Siu Yan, Christine",siuyan.chan@poleungkuk.org.hk,9.2020,201,65歲或以上,-
E-WELLNESS,自資,新界,安老服務,社會企業,社會企業,保良局一站照護 (ES39) ,"保良局一站照護 (ES39) 
Po Leung Kuk Wellness ONE","新界葵涌打磚坪街49-53號華基工業大廈第一期5樓B室
Unit B, 5/F, Block 1, Vigor industrial Building,  Ta Chuen Ping Street, Kwai Chung, N.T.",wellnessone@poleungkuk.org.hk,"2422 1233
(27573225)","馮嘉雯
Fung Ka Man, Kamen",jokamen.km.fung@poleungkuk.org.hk,1.2.2014,公開招收,不限年齡,-
E-OST-TWKT,社署資助,新界,安老服務,支援服務,外展照顧服務,保良局安老院舍外展專業服務隊 (荃灣及葵青) (ES57),"保良局安老院舍外展專業服務隊 (荃灣及葵青) (ES57)
Po Leung Kuk Multi-disciplinary Outreaching Support Team for the Elderly (Tsuen Wan and Kwai Tsing)","葵涌葵昌路56號貿易之都 201C、202、1501、1703室
Unit No. 201C, 202,1501, 1703, Millennium Trade Centre, no.56 Kwai Cheong Road, Kwai Chung, N.T.",moste@poleungkuk.org.hk,"3841 7728
(3575 9921)","吳頴芝
Ng Wing Chi, Gigi",wc.ng@poleungkuk.org.hk,"5.2019
2.2023",區內院舍,"長者
照顧者
院舍職員",-
E-CCSV-WH,社署合約金,九龍,安老服務,長者社區照顧服務券,外展照顧服務,(長者社區照顧服務券) 保良局好幫手(雲漢)（ES36a）,"(長者社區照顧服務券) 保良局好幫手(雲漢)（ES36a）
Po Leung Kuk Care Service for the Elders (Wan Hon)
【華永會生命教育】","九龍觀塘雲漢邨漢柏樓地下5號
Unit 5, G/F, Hon Pak Building, Wan Hon Estate,
Kwun Tong, Kowloon",bmcpc@poleungkuk.org.hk,"3690 2291
(3690 2294)","黎詠溮
Lai Wing Sze, Simba",wingsze.lai@poleungkuk.org.hk,2.9.2013,60,60歲或以上,-
E-CCSV-LT,社署合約金,九龍,安老服務,長者社區照顧服務券,外展照顧服務,(長者社區照顧服務券) 保良局好幫手(藍田)（ES36b）,"(長者社區照顧服務券) 保良局好幫手(藍田)（ES36b）
Po Leung Kuk Care Service for the Elders (Lam Tin)
【蕭明紀念護老院】","九龍藍田廣田邨廣軒樓及廣雅樓地下及一樓
G/F & 1/F, Kwong Hin House & Kwong Ngar House, Kwong Tin Estate, Lam Tin, Kowloon",siuming@poleungkuk.org.hk,"2349 4800
(2952 9867)","張芷頴
Chueng Chi Wing, Vera",chiwing.cheung@poleungkuk.org.hk,2.9.2013,40,60歲或以上,-
E-CCSV-SMP,社署合約金,九龍,安老服務,長者社區照顧服務券,外展照顧服務,(長者社區照顧服務券) 保良局好幫手(秀茂坪)（ES36c）,"(長者社區照顧服務券) 保良局好幫手(秀茂坪)（ES36c）
Po Leung Kuk Care Service for the Elders(Sau Mau Ping)
【方譚遠良健樂中心】","九龍觀塘秀茂坪曉麗苑商場106號
Unit 106, Commercial Complex, Hiu Lai Court, Sau Mau Ping, Kwun Tong, Kowloon",fongtam.hc@poleungkuk.org.hk,"2340 4712
2952 5601
(2952 5761)","李嘉峰
Li Ka Fung, Kyle
(署任中心主任)",kafung.li@poleungkuk.org.hk,2.9.2013,60,60歲或以上,-
E-CCSV-FC,社署合約金,九龍,安老服務,長者社區照顧服務券,外展照顧服務,(長者社區照顧服務券) 保良局好幫手(富昌) （ES36d）,"(長者社區照顧服務券) 保良局好幫手(富昌) （ES36d）
Po Leung Kuk Care Service for the Elders (Fu Cheong)
【癸未年樂頤居】","九龍深水埗富昌邨富潤樓平台(部分)及二樓
Podium Level (part) and Level 2, Fu Yun House, Fu Cheong Estate, Sham Shui Po, Kowloon",ecoh@poleungkuk.org.hk,"2267 4579
(2267 4250)","曾永賢
Tsang Wing Yin, Nelson",nelson.wy.tsang@poleungkuk.org.hk,2.9.2013,40,60歲或以上,-
E-CCSV-PT,社署合約金,九龍,安老服務,長者社區照顧服務券,外展照顧服務,(長者社區照顧服務券) 保良局好幫手(白田) （ES36e）,"(長者社區照顧服務券) 保良局好幫手(白田) （ES36e）
Po Leung Kuk Care Service for the Elders(Po Pak Tin)
【朱李月華長者日間護理中心】","九龍深水埗白田邨健田樓地下
G/F, Kin Tin House, Pak Tin Estate, Sham Shui Po, Kowloon ",shamshuipo@poleungkuk.org.hk,"2779 4418
2779 4428
(2779 4438)","高浣施
Ko Wun Sze, Ivy",ws.ko@poleungkuk.org.hk,2.9.2013,20,60歲或以上,-
E-CCSV-ST,社署合約金,新界,安老服務,長者社區照顧服務券,外展照顧服務,(長者社區照顧服務券) 保良局好幫手(沙田) （ES36f）,"(長者社區照顧服務券) 保良局好幫手(沙田) （ES36f）
Po Leung Kuk Care Service for the Elders (Shatin)
【田家炳長幼天地】","新界沙田秦石邨石暉樓地下2號
No.2, G/F Shek Fai House, Chun Shek Estate, Shatin, N.T.",familyjoy@poleungkuk.org.hk,"2692 2600
(2692 8802)","謝小霞
Tse Siu Ha",sh.tse@poleungkuk.org.hk,2.9.2013,40,60歲或以上,-
E-CCSV-KCE,社署合約金,新界,安老服務,長者社區照顧服務券,外展照顧服務,(長者社區照顧服務券) 保良局好幫手(葵涌邨) (ES36g),"(長者社區照顧服務券) 保良局好幫手(葵涌邨) (ES36g)
Po Leung Kuk Care Service for the Elders (Kwai Chung Estate)
【劉漢宣長幼天地】","新界葵涌葵涌邨合葵樓地下1-4及18-19號
No.1-4 & 18,19, Hop Kwai House, Kwai Chung Estate, Kwai Chung, N.T.",kcfjc@poleungkuk.org.hk,"3998 4550
(3998 4551)","魏宇玲
Ngai Yu Ling",yl.ngai@poleungkuk.org.hk,10.2016,60,60歲或以上,-
E-CCSV-TC,社署合約金,新界,安老服務,長者社區照顧服務券,外展照顧服務,(長者社區照顧服務券) 保良局好幫手(東涌)  （ES36i）,"(長者社區照顧服務券) 保良局好幫手(東涌)  （ES36i）
Po Leung Kuk Care Service for the Elders (Tung Chung) 
【東涌護老院】","新界東涌文東路39號東涌市政大樓地下至2字樓部份及3字樓至5字樓
Portions of G/F to 2/F, and 3/F to 5/F, Tung Chung Municipal Services Building, 39 Man Tung Road, Tung Chung, New Territories",tungchunghome@poleungkuk.org.hk,"2109 2038
(2109 2032)","練偉敬
Lin Wai King",waiking.lin@poleungkuk.org.hk,10.2016,40,60歲或以上,-
E-CCSV-KET,社署合約金,香港,安老服務,長者社區照顧服務券,外展照顧服務,(長者社區照顧服務券) 保良局好幫手(西環) （ES36j）,"(長者社區照顧服務券) 保良局好幫手(西環) （ES36j）
Po Leung Kuk Care Service for the Elders (Kennedy Town)
【天德援手網絡中心】","香港西環卑路乍街8號1樓平台
Podium Level 1, 8 Belcher’s Street, Western, Hong Kong",eldcom.watch@poleungkuk.org.hk,"2542 7765
(2542 7769)","葉佩珊
Yip Pui Shan, Ashley",ashley.yip@poleungkuk.org.hk,10.2016,40,60歲或以上,-
E-CCSV-KAC,社署合約金,九龍,安老服務,長者社區照顧服務券,外展照顧服務,(長者社區照顧服務券) 保良局好幫手(啟晴) （ES36k ）,"(長者社區照顧服務券) 保良局好幫手(啟晴) （ES36k ）
Po Leung Kuk Care Service for the Elders (Kai Ching)
【溫林美賢耆暉中心】","九龍九龍城啟晴邨晴朗商場2樓A206號舖
Shop No. A206, Ching Long Shopping Centre, 2/F, Kowloon City, Kowloon",shirleywan.nec@poleungkuk.org.hk,"2897 6608
(2896 5878)","蔡國輝
Choi Kwok Fai Johnson",johnson.choi@poleungkuk.org.hk,10.2016,10,60歲或以上,-
E-CCSV-DH,社署合約金,九龍,安老服務,長者社區照顧服務券,外展照顧服務,(長者社區照顧服務券) 保良局好幫手(鑽石山) （ES36l）,"(長者社區照顧服務券) 保良局好幫手(鑽石山) （ES36l）
Po Leung Kuk Care Service for the Elders (Diamond Hill) 
【張麥珍耆樂中心】","九龍鑽石山龍蟠街1號悅庭軒地下
Ground Floor, Bel Air Heights No. 1, Lung Poon Street, Diamond Hill, Kln.",mariacheung.lc@poleungkuk.org.hk,"2242 2827
(2242 2961)","鍾顯亮
Chung Hin Leung, Justin",hinleung.chung@poleungkuk.org.hk,10.2016,40,60歲或以上,-
E-CCSV-HMT,社署合約金,九龍,安老服務,長者社區照顧服務券,外展照顧服務,(長者社區照顧服務券) 保良局好幫手(何文田) (ES36n),"(長者社區照顧服務券) 保良局好幫手(何文田) (ES36n)
Po Leung Kuk Care Service for the Elders (Ho Man Tin) 
【壬午年耆樂居】","九龍何文田邨采文樓及綺文樓地下及一樓
G/F & 1/F, Choi Man House & Yee Man House, Ho Man Tin Estate, Kowloon",merrycourt@poleungkuk.org.hk,"2242 1713
(2242 1579)","林英好
Lin Ying Hao
(署任直至另行通知)",yh.lin@poleungkuk.org.hk,4.2019,40,60歲或以上,-
E-CCSV-KSE,社署合約金,新界,安老服務,長者社區照顧服務券,外展照顧服務,(長者社區照顧服務券) 保良局好幫手(葵盛) (ES36o),"(長者社區照顧服務券) 保良局好幫手(葵盛) (ES36o)
Po Leung Kuk Care Service for the Elders (Kwai Shing)
【樂安居暨耆盛長者日間護理中心】","新界葵涌葵盛東邨盛和樓地下及二樓至七樓
G/F, 2/F-7/F, Shing Wo House, Kwai Shing East Estate, Kwai Chung, N.T",comfortcourt@poleungkuk.org.hk,"3520 2770
(院舍)
3520 2711
(日間中心)

(3520 2771)","黃如意
Huang Ru yi",ry.huang@poleungkuk.org.hk,4.2019,40,60歲或以上,-
E-CCSV-TY,社署合約金,新界,安老服務,長者社區照顧服務券,外展照顧服務,(長者社區照顧服務券),"(長者社區照顧服務券)
保良局好幫手(天恩) (ES36p)
Po Leung Kuk Care Service for the Elders (Tin Yan)
【保良局天恩護老院暨耆昌長者日間護理中心】","新界天水圍天恩邨服務設施大樓三樓及四樓
3/F & 4/F, Ancillary Facilities Block, Tin Yan Estate, Tin Shui Wai, N.T.",tinyanhome@poleungkuk.org.hk,"3741 0850
(3741 0851)","方綽暘 
Fong Cheuk Yeung, James",james.cy.fong@poleungkuk.org.hk,4.2019,20,60歲或以上,-
E-CCSV-TKT,社署合約金,九龍,安老服務,長者社區照顧服務券,外展照顧服務,(長者社區照顧服務券) 保良局保良局好幫手(大角咀) (ES36r),"(長者社區照顧服務券) 保良局保良局好幫手(大角咀) (ES36r)
Po Leung Kuk Care Service for the Elders (Tai Kok Tsui)
【大角咀護老院暨耆順長者日間護理中心】","九龍大角咀道九號三樓及五樓
3/F and 5/F , No.9, Tai Kok Tsui Road, Kowloon",tktc@poleungkuk.org.hk,"2796 3766
(2796 3722)","吳振鋒
Ng Chun Fung",chunfung.ng@poleungkuk.org.hk,4.2019,20,60歲或以上,-
E-CCSV-SYP,社署合約金,香港,安老服務,長者社區照顧服務券,外展照顧服務,(長者社區照顧服務券) 保良局好幫手(西營盤) (ES36s),"(長者社區照顧服務券) 保良局好幫手(西營盤) (ES36s)
Po Leung Kuk Care Service for the Elders (Sai Ying Pun)
【西營盤護老院暨長者日間護理中心】","香港西營盤第一街8號地下、1樓、2樓、3樓及5樓(各樓層部分)
Part of G/F, 1/F, 2/F, 3/F, and 5/F, 8 First Street, Sai Ying Pun, Hong Kong",syphome@poleungkuk.org.hk,"2796 3166
(2796 3177)","吳海燕
N g Ho Yin, Gail",hoyin.ng@poleungkuk.org.hk,4.2019,40,60歲或以上,-
E-CCSV-WCH,社署合約金,香港,安老服務,長者社區照顧服務券,外展照顧服務,(長者社區照顧服務券) 保良局好幫手(黃竹坑) (ES36t),"(長者社區照顧服務券) 保良局好幫手(黃竹坑) (ES36t)
Po Leung Kuk Care Service for the Elders(Wong Chuk Hang)
【黃竹坑護理安老中心】","香港仔黃竹坑黃竹坑徑1號
No.1, Wong Chuk Hang Path, Wong Chuk Hang, Aberdeen, Hong Kong",84home@poleungkuk.org.hk,"2554 0020
(2518 7506)","蘇卓蓮
So Cheuk Lin, Grace",cheuklin.so@poleungkuk.org.hk,4.2019,40,60歲或以上,-
E-CCSV-KT,社署合約金,九龍,安老服務,長者社區照顧服務券,外展照顧服務,(長者社區照顧服務券) 保良局好幫手(德田) (ES36u),"(長者社區照顧服務券) 保良局好幫手(德田) (ES36u)
Po Leung Kuk Care Service for the Elders (Tak Tin)
【劉陳小寶長者地區中心】","九龍藍田碧雲道223號德田邨藍田社區綜合大樓一樓及德欣樓地下B翼
Wing B, G/F, Tak Yan House and 1/F. Lam Tin Community Complex, Tak Tin Estate, 223 Pik Wan Road, Lam Tin, Kowloon",taktin.decc@poleungkuk.org.hk,"2177 6299
(2177 6121)","張翠韻
Cheung Chui Wan, Victoria",victoria.cheung@poleungkuk.org.hk,4.2019,33,60歲或以上,-
E-CS-KLNW,社署合約金,九龍,安老服務,長者社區照顧服務券,外展照顧服務,(長者社區照顧服務券) 保良局好幫手(九龍西) (ES36v),"(長者社區照顧服務券) 保良局好幫手(九龍西) (ES36v)
Po Leung Kuk Care Service for the Elders (Kowloon West)
【油尖旺家居照顧服務隊】","九龍佐敦道51號利僑大廈10樓C-D室 (1003-4)
No. C-D (1003-4) on 10/F of Lee Kiu Building, 51 Jordan Raod, Kowloon",hcst.ytm@poleungkuk.org.hk,"3565 1912
(3460 4977)","陳若祺
Chan Ieok Ki, Carey",carey.chan@poleungkuk.org.hk,10.2020,40,60歲或以上,-
E-CS-TMYL,社署合約金,新界,安老服務,長者社區照顧服務券,外展照顧服務,(長者社區照顧服務券) 保良局好幫手(屯門及元朗) (ES36w),"(長者社區照顧服務券) 保良局好幫手(屯門及元朗) (ES36w)
Po Leung Kuk Care Service for the Elders (Tuen Mun and Yuen Long)
【元朗家居照顧服務隊】
【屯門家居照顧服務隊】","新界屯門建發里4號 Lane Up 502室
Unit 502,4 Kin Fat Lan, Lane Up, Tuen Mun, N.T",hcst.tm@poleungkuk.org.hk,"3956 8482
(3956 8485)","陳少茵
Chan Siu Yan, Christine",siuyan.chan@poleungkuk.org.hk,10.2020,40,60歲或以上,-
E-CS-TWKT,社署合約金,新界,安老服務,長者社區照顧服務券,外展照顧服務,(長者社區照顧服務券) 保良局好幫手(荃灣及葵青) (ES36x),"(長者社區照顧服務券) 保良局好幫手(荃灣及葵青) (ES36x)
Po Leung Kuk Care Service for the Elders
 (Tsuen Wan and Kwai Tsing)
【荃灣家居照顧服務隊】
【葵青家居照顧服務隊】","新界葵涌貨櫃碼頭路77-81號 Magnet Place 第一座三樓 03-04室
Unit 303 & 304, 3/F, Tower 1, Magnet Place,
77-81 Container Port Road, Kwai Chung,
New Territories, Hong Kong",hcst.kt@poleungkuk.org.hk,"
2614 2911
(2401 3111)","林奕軒
Lam Yik Hin, Ivan",ivan.lam@poleungkuk.org.hk,10.2020,40,60歲或以上,-
E-CS-TKO,社署合約金,九龍,安老服務,長者社區照顧服務券,外展照顧服務,(長者社區照顧服務券) 保良局好幫手(將軍澳) (ES36y),"(長者社區照顧服務券) 保良局好幫手(將軍澳) (ES36y)
Po Leung Kuk Care Service for the Elders
 (Tseung Kwan O)【棨儀喜悦薈】","將軍澳至善街5號將軍澳南服務設施大樓1樓
1/F, Tseung Kwan O South Ancillary Facilities Block, 5 Chi Shin Street, Tseung Kwan O",jollynet@poleungkuk.org.hk,"2743 8466
(2743 8468)",待聘,,04.2025,40,60歲或以上,
M-SKMMS,自資,九龍,醫療及綜合健康服務,醫療及綜合健康服務,醫療及綜合健康服務,深水埗區議會保良局石硤尾社區服務中心 (醫療服務),"深水埗區議會保良局石硤尾社區服務中心 (醫療服務)
Sham Shui Po District Council Po Leung Kuk Shek Kip Mei Community Services Centre (Medical Services)","九龍深水埗白田街13號石硤尾邨美葵樓
延伸平台P層101號舖(電梯按P層)",-,2390 2711,"張祖維
Chang Cho Wai",chowai.chang@poleungkuk.org.hk,-,-,-,"星期一至六 
上午9:00至下午1:00；
下午2:00至下午6:00
星期日及公眾假期休息"
M-CCIHC,自資,香港,醫療及綜合健康服務,醫療及綜合健康服務,醫療及綜合健康服務,保良局美麗人生綜合健康中心,"保良局美麗人生綜合健康中心
Po Leung Kuk Making Life Beautiful Integrated Health Centre","香港北角英皇道341號恒生北角大廈10樓1007-1008室
（北角港鐵站B1出口，橫過英皇道後轉左步行約5分鐘；電車可直達大廈大門）",-,3589 5088,"張祖維
Chang Cho Wai",chowai.chang@poleungkuk.org.hk,-,-,-,"星期一至五 
上午9:00至下午1:00；
下午2:00至下午6:00
星期六 
上午9:00至下午1:00
星期日及公眾假期休息"
M-MLB-IHC,自資,九龍,醫療及綜合健康服務,醫療及綜合健康服務,醫療及綜合健康服務,保良局彩頤居綜合健康中心,"保良局彩頤居綜合健康中心
Po Leung Kuk Cheerful Court Integrated Health Centre",九龍灣牛頭角彩霞道55號彩頤居1樓,-,2713 1128,"張祖維
Chang Cho Wai",chowai.chang@poleungkuk.org.hk,-,-,-,"星期一至五 
上午8:30至下午12:30；
下午1:30至下午5:30
星期六 
上午8:30至下午12:30
星期日及公眾假期休息"
M-HSMFC,自資,全港,醫療及綜合健康服務,醫療及綜合健康服務,醫療及綜合健康服務,保良局香港中華基金會方劉小梅流動中醫診所,"保良局香港中華基金會方劉小梅流動中醫診所
Po Leung Kuk Helen S M Fong Chinese Medicine Mobile Clinic",因應中醫車服務地點時有變動，請以網上公布為準https://www.poleungkuk.org.hk/service/medical-and-integrated-health/chinese-medical-services,-,2631 3321,"何琇瑩
Ho Sau Ying",sy.ho@poleungkuk.org.hk,-,-,-,"星期一至六
上午9:30至下午1:00；
下午2:00至下午5:30
下午6:00至下午7:30 (夜診日)
星期日及公眾假期休息"
M-MCC,自資,全港,醫療及綜合健康服務,醫療及綜合健康服務,醫療及綜合健康服務,保良局蔡李惠莉流動中醫診所,"保良局蔡李惠莉流動中醫診所
Po Leung Kuk Margaret Choi Chinese Medicine Mobile Clinic",因應中醫車服務地點時有變動，請以網上公布為準https://www.poleungkuk.org.hk/service/medical-and-integrated-health/chinese-medical-services,-,2631 3321,"何琇瑩
Ho Sau Ying",sy.ho@poleungkuk.org.hk,-,-,-,"星期一至六
上午9:30至下午1:00；
下午2:00至下午5:30
下午6:00至下午7:30 (夜診日)
星期日及公眾假期休息"
M-SFLCF,自資,全港,醫療及綜合健康服務,醫療及綜合健康服務,醫療及綜合健康服務,保良局李樹福伉儷慈善基金流動中醫診所,"保良局李樹福伉儷慈善基金流動中醫診所
Po Leung Kuk Mr & Mrs S F Lee Charity Fund Chinese Medicine Mobile Clinic",因應中醫車服務地點時有變動，請以網上公布為準https://www.poleungkuk.org.hk/service/medical-and-integrated-health/chinese-medical-services,-,2631 3321,"何琇瑩
Ho Sau Ying",sy.ho@poleungkuk.org.hk,-,-,-,"星期一至六
上午9:30至下午1:00；
下午2:00至下午5:30
下午6:00至下午7:30 (夜診日)
星期日及公眾假期休息"
M-EKWOK,自資,全港,醫療及綜合健康服務,醫療及綜合健康服務,醫療及綜合健康服務,保良局丙申年郭羅桂珍主席流動中醫診所,"保良局丙申年郭羅桂珍主席流動中醫診所
Po Leung Kuk Chairman 2016-17 Eleanor Kwok Chinese Medicine Mobile Clinic",因應中醫車服務地點時有變動，請以網上公布為準https://www.poleungkuk.org.hk/service/medical-and-integrated-health/chinese-medical-services,-,2631 3321,"何琇瑩
Ho Sau Ying",sy.ho@poleungkuk.org.hk,-,-,-,"星期一至六
上午9:30至下午1:00；
下午2:00至下午5:30
下午6:00至下午7:30 (夜診日)
星期日及公眾假期休息"
M-BOC-MC1,自資,全港,醫療及綜合健康服務,醫療及綜合健康服務,醫療及綜合健康服務,保良局中銀香港流動中醫診所(1車),"保良局中銀香港流動中醫診所(1車)
Po Leung Kuk Bank of China (Hong Kong) Chinese Medicine Mobile Clinic (1)",因應中醫車服務地點時有變動，請以網上公布為準https://www.poleungkuk.org.hk/service/medical-and-integrated-health/chinese-medical-services,-,2631 3321,"何琇瑩
Ho Sau Ying",sy.ho@poleungkuk.org.hk,-,-,-,"星期一至六
上午9:30至下午1:00；
下午2:00至下午5:30
下午6:00至下午7:30 (夜診日)
星期日及公眾假期休息"
M-BOC-MC2,自資,全港,醫療及綜合健康服務,醫療及綜合健康服務,醫療及綜合健康服務,保良局中銀香港流動中醫診所(2車),"保良局中銀香港流動中醫診所(2車)
Po Leung Kuk Bank of China (Hong Kong) Chinese Medicine Mobile Clinic (2)",因應中醫車服務地點時有變動，請以網上公布為準https://www.poleungkuk.org.hk/service/medical-and-integrated-health/chinese-medical-services,-,2631 3321,"何琇瑩
Ho Sau Ying",sy.ho@poleungkuk.org.hk,-,-,-,"星期一至六
上午9:30至下午1:00；
下午2:00至下午5:30
下午6:00至下午7:30 (夜診日)
星期日及公眾假期休息"
